flight_id,flight_no,airline,date,time,origin,status,status_code,flight_type,last_updated
RH 9486_2026-09-03,RH 9486,HKC,2026-09-03,19:25,"IST,ALA",At gate 12:09 (06/09/2026),,,2026-09-07T16:13:40+08:00
QR 8402_2026-09-05,QR 8402,QTR,2026-09-05,03:15,DOH,At gate 00:38 (06/09/2026),,,2026-09-07T16:13:40+08:00
TK 6650_2026-09-05,TK 6650,THY,2026-09-05,10:55,"IST,AMM",At gate 01:06 (06/09/2026),,,2026-09-07T16:13:40+08:00
CX 3546_2026-09-05,CX 3546,CPA,2026-09-05,15:50,BKK,At gate 17:23 (06/09/2026),,,2026-09-07T16:13:40+08:00
5Y 8140_2026-09-05,5Y 8140,GTI,2026-09-05,16:20,DEL,At gate 17:29 (06/09/2026),,,2026-09-07T16:13:40+08:00
CX 097_2026-09-05,CX 097,CPA,2026-09-05,21:15,"NLU,GDL,ANC",At gate 01:30 (06/09/2026),,,2026-09-07T16:13:40+08:00
ET 3728_2026-09-05,ET 3728,ETH,2026-09-05,22:00,"ADD,LGG",At gate 02:25 (06/09/2026),,,2026-09-07T16:13:40+08:00
3G 800_2026-09-05,3G 800,WCM,2026-09-05,23:00,BKI,At gate 05:40 (06/09/2026),,,2026-09-07T16:13:40+08:00
QY 516_2026-09-05,QY 516,BCS,2026-09-05,23:15,"LEJ,DWC",At gate 00:30 (06/09/2026),,,2026-09-07T16:13:40+08:00
2U 8650_2026-09-05,2U 8650,FKH,2026-09-05,23:40,DEL,At gate 02:00 (06/09/2026),,,2026-09-07T16:13:40+08:00
LD 681_2026-09-06,LD 681,AHK,2026-09-06,00:05,TPE,At gate 23:45 (05/09/2026),,,2026-09-07T16:13:40+08:00
KZ 203_2026-09-06,KZ 203,NCA,2026-09-06,00:10,NRT,At gate 23:48 (05/09/2026),,,2026-09-07T16:13:40+08:00
K4 703_2026-09-06,K4 703,CKS,2026-09-06,00:10,TLV,At gate 00:10,,,2026-09-07T16:13:40+08:00
QR 8452_2026-09-06,QR 8452,QTR,2026-09-06,00:20,"DOH,SYD",At gate 00:29,,,2026-09-07T16:13:40+08:00
LD 217_2026-09-06,LD 217,AHK,2026-09-06,00:30,NGO,At gate 23:44 (05/09/2026),,,2026-09-07T16:13:40+08:00
LD 572_2026-09-06,LD 572,AHK,2026-09-06,00:30,"PEN,SGN",At gate 00:11,,,2026-09-07T16:13:40+08:00
3S 738_2026-09-06,3S 738,BOX,2026-09-06,00:30,"LEJ,HAN",At gate 00:14,,,2026-09-07T16:13:40+08:00
TK 6650_2026-09-06,TK 6650,THY,2026-09-06,00:40,"IST,AMM",Cancelled,,,2026-09-07T16:13:40+08:00
QR 8022_2026-09-06,QR 8022,QTR,2026-09-06,00:40,DOH,At gate 04:22,,,2026-09-07T16:13:40+08:00
LD 456_2026-09-06,LD 456,AHK,2026-09-06,00:45,"CEB,MNL",At gate 00:34,,,2026-09-07T16:13:40+08:00
TH 3092_2026-09-06,TH 3092,RMY,2026-09-06,00:45,PEN,At gate 00:26,,,2026-09-07T16:13:40+08:00
QY 644_2026-09-06,QY 644,BCS,2026-09-06,00:45,LEJ,At gate 00:37,,,2026-09-07T16:13:40+08:00
ET 3794_2026-09-06,ET 3794,ETH,2026-09-06,00:55,MST,Cancelled,,,2026-09-07T16:13:40+08:00
EK 9860_2026-09-06,EK 9860,UAE,2026-09-06,00:55,DWC,At gate 07:44,,,2026-09-07T16:13:40+08:00
LD 209_2026-09-06,LD 209,AHK,2026-09-06,01:00,NRT,At gate 00:40,,,2026-09-07T16:13:40+08:00
LD 769_2026-09-06,LD 769,AHK,2026-09-06,01:00,PEK,At gate 00:49,,,2026-09-07T16:13:40+08:00
CI 5825_2026-09-06,CI 5825,CAL,2026-09-06,01:00,TPE,At gate 00:59,,,2026-09-07T16:13:40+08:00
RH 704_2026-09-06,RH 704,HKC,2026-09-06,01:10,BNE,At gate 03:47,,,2026-09-07T16:13:40+08:00
KE 313_2026-09-06,KE 313,KAL,2026-09-06,01:10,ICN,At gate 00:57,,,2026-09-07T16:13:40+08:00
TH 3507_2026-09-06,TH 3507,RMY,2026-09-06,01:10,KUL,At gate 01:06,,,2026-09-07T16:13:40+08:00
LD 783_2026-09-06,LD 783,AHK,2026-09-06,01:15,PVG,At gate 00:50,,,2026-09-07T16:13:40+08:00
CX 035_2026-09-06,CX 035,CPA,2026-09-06,01:15,"KIX,ICN",At gate 00:44,,,2026-09-07T16:13:40+08:00
8K 525_2026-09-06,8K 525,KMI,2026-09-06,01:20,"BKK,HAN",At gate 01:22,,,2026-09-07T16:13:40+08:00
LD 326_2026-09-06,LD 326,AHK,2026-09-06,01:25,SIN,At gate 01:14,,,2026-09-07T16:13:40+08:00
LD 842_2026-09-06,LD 842,AHK,2026-09-06,01:30,BKK,At gate 01:30,,,2026-09-07T16:13:40+08:00
RH 318_2026-09-06,RH 318,HKC,2026-09-06,01:40,HAN,Cancelled,,,2026-09-07T16:13:40+08:00
CX 048_2026-09-06,CX 048,CPA,2026-09-06,01:45,"DAC,HAN",At gate 01:39,,,2026-09-07T16:13:40+08:00
K4 254_2026-09-06,K4 254,CKS,2026-09-06,02:00,"CVG,ICN",At gate 01:50,,,2026-09-07T16:13:40+08:00
MB 8187_2026-09-06,MB 8187,MNB,2026-09-06,02:00,"NMI,NMI",At gate 04:35,,,2026-09-07T16:13:40+08:00
MS 509_2026-09-06,MS 509,MSR,2026-09-06,02:00,CAI,At gate 02:57,,,2026-09-07T16:13:40+08:00
K4 210_2026-09-06,K4 210,CKS,2026-09-06,02:05,"CVG,ANC",At gate 03:02,,,2026-09-07T16:13:40+08:00
LD 721_2026-09-06,LD 721,AHK,2026-09-06,02:40,CTU,At gate 02:25,,,2026-09-07T16:13:40+08:00
ES 729_2026-09-06,ES 729,DHX,2026-09-06,02:55,BAH,At gate 03:06,,,2026-09-07T16:13:40+08:00
T8 4703_2026-09-06,T8 4703,TVR,2026-09-06,03:00,DMM,At gate 04:12,,,2026-09-07T16:13:40+08:00
EK 9838_2026-09-06,EK 9838,UAE,2026-09-06,03:10,DWC,At gate 03:42,,,2026-09-07T16:13:40+08:00
CX 3244_2026-09-06,CX 3244,CPA,2026-09-06,03:25,DEL,At gate 03:40,,,2026-09-07T16:13:40+08:00
QY 548_2026-09-06,QY 548,BCS,2026-09-06,03:25,"LEJ,DEL",At gate 04:46,,,2026-09-07T16:13:40+08:00
3S 712_2026-09-06,3S 712,BOX,2026-09-06,03:35,"LEJ,DXB",At gate 04:43,,,2026-09-07T16:13:40+08:00
5Y 8816_2026-09-06,5Y 8816,GTI,2026-09-06,03:45,SUU,At gate 05:05,,,2026-09-07T16:13:40+08:00
RH 352_2026-09-06,RH 352,HKC,2026-09-06,03:45,MNL,At gate 04:21,,,2026-09-07T16:13:40+08:00
QR 8406_2026-09-06,QR 8406,QTR,2026-09-06,03:50,DOH,At gate 03:32,,,2026-09-07T16:13:40+08:00
CX 3239_2026-09-06,CX 3239,CPA,2026-09-06,03:55,XMN,At gate 10:41,,,2026-09-07T16:13:40+08:00
5X 022_2026-09-06,5X 022,UPS,2026-09-06,04:00,"PHL,CGN,CDG",At gate 03:35,,,2026-09-07T16:13:40+08:00
QR 8430_2026-09-06,QR 8430,QTR,2026-09-06,04:00,DOH,At gate 03:27,,,2026-09-07T16:13:40+08:00
CX 095_2026-09-06,CX 095,CPA,2026-09-06,04:30,JFK,At gate 06:22,,,2026-09-07T16:13:40+08:00
CX 053_2026-09-06,CX 053,CPA,2026-09-06,04:45,CKG,At gate 11:57,,,2026-09-07T16:13:40+08:00
HJ 125_2026-09-06,HJ 125,TMN,2026-09-06,04:50,SYD,Cancelled,,,2026-09-07T16:13:40+08:00
CK 263_2026-09-06,CK 263,CKK,2026-09-06,04:55,PVG,At gate 22:57,,,2026-09-07T16:13:40+08:00
3S 582_2026-09-06,3S 582,BOX,2026-09-06,05:15,"LEJ,ICN",At gate 04:45,,,2026-09-07T16:13:40+08:00
CI 5833_2026-09-06,CI 5833,CAL,2026-09-06,05:20,TPE,At gate 08:41,,,2026-09-07T16:13:40+08:00
CV 7855_2026-09-06,CV 7855,CLX,2026-09-06,05:20,"LUX,ASB,SGN",At gate 04:42,,,2026-09-07T16:13:40+08:00
QY 672_2026-09-06,QY 672,BCS,2026-09-06,06:00,LEJ,At gate 05:31,,,2026-09-07T16:13:40+08:00
SR 814_2026-09-06,SR 814,XKY,2026-09-06,06:25,MNL,At gate 06:12,,,2026-09-07T16:13:40+08:00
7L 571_2026-09-06,7L 571,AZG,2026-09-06,06:45,BSZ,At gate 08:09,,,2026-09-07T16:13:40+08:00
CX 2083_2026-09-06,CX 2083,CPA,2026-09-06,07:00,"ORD,ANC",At gate 05:58,,,2026-09-07T16:13:40+08:00
FX 169_2026-09-06,FX 169,FDX,2026-09-06,07:05,"MEM,ANC,SIN",At gate 07:04,,,2026-09-07T16:13:40+08:00
K4 273_2026-09-06,K4 273,CKS,2026-09-06,07:05,"LGG,TLV",At gate 06:54,,,2026-09-07T16:13:40+08:00
7L 1611_2026-09-06,7L 1611,AZG,2026-09-06,07:30,DWC,At gate 08:44,,,2026-09-07T16:13:40+08:00
ES 697_2026-09-06,ES 697,DHX,2026-09-06,07:35,BAH,Cancelled,,,2026-09-07T16:13:40+08:00
QR 8432_2026-09-06,QR 8432,QTR,2026-09-06,07:45,"DOH,SIN",At gate 07:34,,,2026-09-07T16:13:40+08:00
CX 055_2026-09-06,CX 055,CPA,2026-09-06,07:50,PVG,At gate 17:40,,,2026-09-07T16:13:40+08:00
RH 4569_2026-09-06,RH 4569,HKC,2026-09-06,07:55,TPE,At gate 01:05 (07/09/2026),,,2026-09-07T16:13:40+08:00
LH 8462_2026-09-06,LH 8462,GEC,2026-09-06,08:05,FRA,At gate 09:08,,,2026-09-07T16:13:40+08:00
TK 6274_2026-09-06,TK 6274,THY,2026-09-06,08:10,"IST,TBS",At gate 08:28,,,2026-09-07T16:13:40+08:00
MP 9462_2026-09-06,MP 9462,MPH,2026-09-06,08:15,ICN,At gate 08:36,,,2026-09-07T16:13:40+08:00
KJ 954_2026-09-06,KJ 954,AIH,2026-09-06,08:45,"ICN,HAN",At gate 08:47,,,2026-09-07T16:13:40+08:00
5C 771_2026-09-06,5C 771,ICL,2026-09-06,09:00,TLV,Cancelled,,,2026-09-07T16:13:40+08:00
3V 401_2026-09-06,3V 401,TAY,2026-09-06,09:25,"LGG,DWC",At gate 10:46,,,2026-09-07T16:13:40+08:00
EK 9858_2026-09-06,EK 9858,UAE,2026-09-06,09:40,DWC,At gate 08:57,,,2026-09-07T16:13:40+08:00
RH 9492_2026-09-06,RH 9492,HKC,2026-09-06,09:45,"IST,ALA",Est at 19:48 (07/09/2026),,,2026-09-07T16:13:40+08:00
RH 6652_2026-09-06,RH 6652,HKC,2026-09-06,11:00,"DAC,HAN",At gate 10:44,,,2026-09-07T16:13:40+08:00
5Y 9476_2026-09-06,5Y 9476,GTI,2026-09-06,11:08,MAD,At gate 11:20,,,2026-09-07T16:13:40+08:00
5Y 5579_2026-09-06,5Y 5579,GTI,2026-09-06,11:20,"MIA,LGG",Cancelled,,,2026-09-07T16:13:40+08:00
KJ 969_2026-09-06,KJ 969,AIH,2026-09-06,12:00,ICN,At gate 13:57,,,2026-09-07T16:13:40+08:00
MH 6106_2026-09-06,MH 6106,MAS,2026-09-06,12:00,"KUL,KCH",At gate 11:51,,,2026-09-07T16:13:40+08:00
K4 550_2026-09-06,K4 550,CKS,2026-09-06,12:15,"ORD,NRT",At gate 12:26,,,2026-09-07T16:13:40+08:00
CV 4326_2026-09-06,CV 4326,CLX,2026-09-06,12:45,"LUX,KUL",At gate 13:03,,,2026-09-07T16:13:40+08:00
5Y 8373_2026-09-06,5Y 8373,GTI,2026-09-06,13:00,HAN,At gate 07:15 (07/09/2026),,,2026-09-07T16:13:40+08:00
KZ 209_2026-09-06,KZ 209,NCA,2026-09-06,13:35,NRT,At gate 14:13,,,2026-09-07T16:13:40+08:00
NH 8513_2026-09-06,NH 8513,ANA,2026-09-06,14:10,NRT,At gate 14:48,,,2026-09-07T16:13:40+08:00
K4 370_2026-09-06,K4 370,CKS,2026-09-06,14:30,HNL,At gate 13:20,,,2026-09-07T16:13:40+08:00
CV 4796_2026-09-06,CV 4796,CLX,2026-09-06,14:30,LUX,At gate 01:41 (07/09/2026),,,2026-09-07T16:13:40+08:00
5X 062_2026-09-06,5X 062,UPS,2026-09-06,14:40,"SDF,ANC",At gate 14:19,,,2026-09-07T16:13:40+08:00
FX 023_2026-09-06,FX 023,FDX,2026-09-06,14:45,"MEM,ANC",At gate 15:04,,,2026-09-07T16:13:40+08:00
5Y 654_2026-09-06,5Y 654,GTI,2026-09-06,14:45,ICN,Cancelled,,,2026-09-07T16:13:40+08:00
7L 922_2026-09-06,7L 922,AZG,2026-09-06,14:50,GYD,Cancelled,,,2026-09-07T16:13:40+08:00
KE 9313_2026-09-06,KE 9313,KAL,2026-09-06,14:55,ICN,At gate 15:10,,,2026-09-07T16:13:40+08:00
CX 015_2026-09-06,CX 015,CPA,2026-09-06,15:05,"NRT,TPE",At gate 15:21,,,2026-09-07T16:13:40+08:00
7L 1511_2026-09-06,7L 1511,AZG,2026-09-06,15:05,"GYD,DMM",At gate 16:56,,,2026-09-07T16:13:40+08:00
RH 332_2026-09-06,RH 332,HKC,2026-09-06,15:10,BKK,At gate 09:18 (07/09/2026),,,2026-09-07T16:13:40+08:00
CX 091_2026-09-06,CX 091,CPA,2026-09-06,15:30,"DFW,ANC",At gate 15:19,,,2026-09-07T16:13:40+08:00
D0 890_2026-09-06,D0 890,DHK,2026-09-06,15:35,BAH,At gate 08:09,,,2026-09-07T16:13:40+08:00
EK 9796_2026-09-06,EK 9796,UAE,2026-09-06,15:40,DWC,Cancelled,,,2026-09-07T16:13:40+08:00
7L 620_2026-09-06,7L 620,AZG,2026-09-06,15:55,GYD,Cancelled,,,2026-09-07T16:13:40+08:00
CX 064_2026-09-06,CX 064,CPA,2026-09-06,16:05,"FRA,AMS",At gate 15:59,,,2026-09-07T16:13:40+08:00
5Y 8154_2026-09-06,5Y 8154,GTI,2026-09-06,16:15,AMS,At gate 00:36 (07/09/2026),,,2026-09-07T16:13:40+08:00
SQ 7874_2026-09-06,SQ 7874,SIA,2026-09-06,16:15,SIN,At gate 15:29,,,2026-09-07T16:13:40+08:00
CV 4806_2026-09-06,CV 4806,CLX,2026-09-06,16:35,LUX,At gate 17:02,,,2026-09-07T16:13:40+08:00
AK 8541_2026-09-06,AK 8541,AXM,2026-09-06,17:00,BKI,At gate 21:50,,,2026-09-07T16:13:40+08:00
C8 9266_2026-09-06,C8 9266,ICV,2026-09-06,17:30,"MXP,NRT",At gate 18:18,,,2026-09-07T16:13:40+08:00
CV 7567_2026-09-06,CV 7567,CLX,2026-09-06,17:30,"LUX,SIN",At gate 18:25,,,2026-09-07T16:13:40+08:00
5X 038_2026-09-06,5X 038,UPS,2026-09-06,17:50,"ONT,HNL",At gate 18:09,,,2026-09-07T16:13:40+08:00
CX 087_2026-09-06,CX 087,CPA,2026-09-06,18:15,"NLU,ANC",At gate 18:58,,,2026-09-07T16:13:40+08:00
5Y 8008_2026-09-06,5Y 8008,GTI,2026-09-06,18:20,EMA,Cancelled,,,2026-09-07T16:13:40+08:00
5Y 8523_2026-09-06,5Y 8523,GTI,2026-09-06,18:45,HAN,Cancelled,,,2026-09-07T16:13:40+08:00
RH 830_2026-09-06,RH 830,HKC,2026-09-06,18:45,PVG,At gate 13:35,,,2026-09-07T16:13:40+08:00
RH 963_2026-09-06,RH 963,HKC,2026-09-06,19:20,KIX,At gate 00:12 (07/09/2026),,,2026-09-07T16:13:40+08:00
7L 691_2026-09-06,7L 691,AZG,2026-09-06,19:25,GYD,Cancelled,,,2026-09-07T16:13:40+08:00
RH 372_2026-09-06,RH 372,HKC,2026-09-06,19:30,SIN,At gate 17:34,,,2026-09-07T16:13:40+08:00
SV 3966_2026-09-06,SV 3966,SVA,2026-09-06,19:35,RUH,Cancelled,,,2026-09-07T16:13:40+08:00
QR 8476_2026-09-06,QR 8476,QTR,2026-09-06,20:10,"DOH,BKK",At gate 20:16,,,2026-09-07T16:13:40+08:00
TK 6220_2026-09-06,TK 6220,THY,2026-09-06,20:25,"IST,BOM",At gate 23:06,,,2026-09-07T16:13:40+08:00
CX 3283_2026-09-06,CX 3283,CPA,2026-09-06,20:25,"ATL,ANC",At gate 21:04,,,2026-09-07T16:13:40+08:00
QF 7525_2026-09-06,QF 7525,QFA,2026-09-06,20:50,SYD,At gate 20:46,,,2026-09-07T16:13:40+08:00
CI 5831_2026-09-06,CI 5831,CAL,2026-09-06,21:00,TPE,At gate 23:03,,,2026-09-07T16:13:40+08:00
WW 861_2026-09-06,WW 861,KXP,2026-09-06,21:45,BKI,At gate 01:04 (07/09/2026),,,2026-09-07T16:13:40+08:00
SR 812_2026-09-06,SR 812,XKY,2026-09-06,21:45,CRK,At gate 21:29,,,2026-09-07T16:13:40+08:00
K4 206_2026-09-06,K4 206,CKS,2026-09-06,21:50,"CVG,NRT",At gate 21:32,,,2026-09-07T16:13:40+08:00
ET 3708_2026-09-06,ET 3708,ETH,2026-09-06,22:10,LGG,Cancelled,,,2026-09-07T16:13:40+08:00
EY 947_2026-09-06,EY 947,ETD,2026-09-06,22:20,AUH,At gate 22:10,,,2026-09-07T16:13:40+08:00
CV 7956_2026-09-06,CV 7956,CLX,2026-09-06,22:40,"LUX,ASB,HAN",At gate 22:51,,,2026-09-07T16:13:40+08:00
TH 642_2026-09-06,TH 642,RMY,2026-09-06,23:00,BKI,At gate 22:24,,,2026-09-07T16:13:40+08:00
TK 6256_2026-09-06,TK 6256,THY,2026-09-06,23:40,"IST,RUH",At gate 23:54,,,2026-09-07T16:13:40+08:00
RH 9493_2026-09-04,RH 9493,HKC,2026-09-04,06:20,"ALA,IST",Dep 15:12 (06/09/2026),,,2026-09-07T16:11:06+08:00
5Y 8139_2026-09-04,5Y 8139,GTI,2026-09-04,17:55,"DEL,ANC",Dep 04:29 (06/09/2026),,,2026-09-07T16:11:06+08:00
ET 3219_2026-09-05,ET 3219,ETH,2026-09-05,02:40,ADD,Dep 06:21 (06/09/2026),,,2026-09-07T16:11:06+08:00
QR 8403_2026-09-05,QR 8403,QTR,2026-09-05,05:15,DOH,Dep 02:09 (06/09/2026),,,2026-09-07T16:11:06+08:00
CX 3549_2026-09-05,CX 3549,CPA,2026-09-05,08:05,BKK,Dep 09:14 (06/09/2026),,,2026-09-07T16:11:06+08:00
5Y 8052_2026-09-05,5Y 8052,GTI,2026-09-05,12:30,"ANC,MIA",Dep 05:58 (06/09/2026),,,2026-09-07T16:11:06+08:00
TK 6651_2026-09-05,TK 6651,THY,2026-09-05,12:55,"CIT,IST",Dep 03:07 (06/09/2026),,,2026-09-07T16:11:06+08:00
5Y 8137_2026-09-05,5Y 8137,GTI,2026-09-05,17:15,"DEL,ANC",Cancelled,,,2026-09-07T16:11:06+08:00
CX 067_2026-09-05,CX 067,CPA,2026-09-05,21:50,"NQZ,FRA",Dep 04:04 (06/09/2026),,,2026-09-07T16:11:06+08:00
CX 3262_2026-09-05,CX 3262,CPA,2026-09-05,22:00,CKG,Dep 04:36 (06/09/2026),,,2026-09-07T16:11:06+08:00
CX 3238_2026-09-05,CX 3238,CPA,2026-09-05,23:10,XMN,Dep 05:42 (06/09/2026),,,2026-09-07T16:11:06+08:00
CX 054_2026-09-05,CX 054,CPA,2026-09-05,23:30,PVG,Dep 09:29 (06/09/2026),,,2026-09-07T16:11:06+08:00
ET 3785_2026-09-06,ET 3785,ETH,2026-09-06,00:15,"MCT,MAD",Cancelled,,,2026-09-07T16:11:06+08:00
HE 1710_2026-09-06,HE 1710,HGO,2026-09-06,00:15,GYD,Cancelled,,,2026-09-07T16:11:06+08:00
3G 801_2026-09-06,3G 801,WCM,2026-09-06,00:30,KUL,Dep 07:25,,,2026-09-07T16:11:06+08:00
CV 597_2026-09-06,CV 597,CLX,2026-09-06,00:35,"ASB,LUX",Dep 02:06,,,2026-09-07T16:11:06+08:00
CX 006_2026-09-06,CX 006,CPA,2026-09-06,00:50,NRT,Dep 00:59,,,2026-09-07T16:11:06+08:00
MB 530_2026-09-06,MB 530,MNB,2026-09-06,01:30,"NVI,IST",Dep 07:04,,,2026-09-07T16:11:06+08:00
CX 096_2026-09-06,CX 096,CPA,2026-09-06,01:30,"ANC,NLU",Dep 01:28,,,2026-09-07T16:11:06+08:00
2U 8051_2026-09-06,2U 8051,FKH,2026-09-06,01:40,"NQZ,RIX",Dep 04:47,,,2026-09-07T16:11:06+08:00
K4 704_2026-09-06,K4 704,CKS,2026-09-06,02:00,"GYD,TLV",Dep 02:42,,,2026-09-07T16:11:06+08:00
QR 8465_2026-09-06,QR 8465,QTR,2026-09-06,02:20,DOH,Dep 02:28,,,2026-09-07T16:11:06+08:00
KZ 202_2026-09-06,KZ 202,NCA,2026-09-06,02:25,NRT,Dep 02:29,,,2026-09-07T16:11:06+08:00
5X 063_2026-09-06,5X 063,UPS,2026-09-06,02:35,"ANC,SDF",Dep 02:28,,,2026-09-07T16:11:06+08:00
QR 8419_2026-09-06,QR 8419,QTR,2026-09-06,02:40,DOH,Dep 06:07,,,2026-09-07T16:11:06+08:00
EK 9861_2026-09-06,EK 9861,UAE,2026-09-06,02:55,DWC,Dep 09:22,,,2026-09-07T16:11:06+08:00
CI 5826_2026-09-06,CI 5826,CAL,2026-09-06,03:00,TPE,Dep 03:06,,,2026-09-07T16:11:06+08:00
TK 6651_2026-09-06,TK 6651,THY,2026-09-06,03:10,"CIT,IST",Cancelled,,,2026-09-07T16:11:06+08:00
RH 4568_2026-09-06,RH 4568,HKC,2026-09-06,03:10,TPE,Dep 19:22,,,2026-09-07T16:11:06+08:00
KE 314_2026-09-06,KE 314,KAL,2026-09-06,03:10,ICN,Dep 03:17,,,2026-09-07T16:11:06+08:00
5X 001_2026-09-06,5X 001,UPS,2026-09-06,03:15,"BLR,CGN,PHL",Dep 03:16,,,2026-09-07T16:11:06+08:00
LD 457_2026-09-06,LD 457,AHK,2026-09-06,03:35,"MNL,CEB",Dep 03:35,,,2026-09-07T16:11:06+08:00
LD 768_2026-09-06,LD 768,AHK,2026-09-06,03:35,PEK,Dep 03:32,,,2026-09-07T16:11:06+08:00
LD 831_2026-09-06,LD 831,AHK,2026-09-06,03:40,BKK,Dep 03:42,,,2026-09-07T16:11:06+08:00
8K 526_2026-09-06,8K 526,KMI,2026-09-06,03:40,BKK,Dep 03:37,,,2026-09-07T16:11:06+08:00
ET 3769_2026-09-06,ET 3769,ETH,2026-09-06,03:50,"EMA,ADD",Cancelled,,,2026-09-07T16:11:06+08:00
LD 216_2026-09-06,LD 216,AHK,2026-09-06,03:55,NGO,Dep 04:13,,,2026-09-07T16:11:06+08:00
LD 327_2026-09-06,LD 327,AHK,2026-09-06,03:55,SIN,Dep 04:02,,,2026-09-07T16:11:06+08:00
LD 204_2026-09-06,LD 204,AHK,2026-09-06,04:00,KIX,Dep 04:23,,,2026-09-07T16:11:06+08:00
MS 510_2026-09-06,MS 510,MSR,2026-09-06,04:00,BKK,Dep 04:24,,,2026-09-07T16:11:06+08:00
LD 208_2026-09-06,LD 208,AHK,2026-09-06,04:05,NRT,Dep 04:04,,,2026-09-07T16:11:06+08:00
LD 720_2026-09-06,LD 720,AHK,2026-09-06,04:05,CTU,Dep 04:00,,,2026-09-07T16:11:06+08:00
LD 782_2026-09-06,LD 782,AHK,2026-09-06,04:15,PVG,Dep 04:23,,,2026-09-07T16:11:06+08:00
TH 3091_2026-09-06,TH 3091,RMY,2026-09-06,04:15,PEN,Dep 04:23,,,2026-09-07T16:11:06+08:00
5X 023_2026-09-06,5X 023,UPS,2026-09-06,04:35,"CGN,PHL",Dep 04:34,,,2026-09-07T16:11:06+08:00
LD 128_2026-09-06,LD 128,AHK,2026-09-06,04:50,ICN,Dep 04:56,,,2026-09-07T16:11:06+08:00
K4 223_2026-09-06,K4 223,CKS,2026-09-06,04:55,ANC,Dep 06:19,,,2026-09-07T16:11:06+08:00
LD 561_2026-09-06,LD 561,AHK,2026-09-06,05:00,"SGN,PEN",Dep 05:04,,,2026-09-07T16:11:06+08:00
ES 736_2026-09-06,ES 736,DHX,2026-09-06,05:00,"BLR,BAH",Dep 05:30,,,2026-09-07T16:11:06+08:00
TH 3508_2026-09-06,TH 3508,RMY,2026-09-06,05:00,KUL,Dep 04:58,,,2026-09-07T16:11:06+08:00
QY 657_2026-09-06,QY 657,BCS,2026-09-06,05:00,"GYD,LEJ",Dep 05:15,,,2026-09-07T16:11:06+08:00
EK 9839_2026-09-06,EK 9839,UAE,2026-09-06,05:10,DWC,Dep 05:17,,,2026-09-07T16:11:06+08:00
3S 713_2026-09-06,3S 713,BOX,2026-09-06,05:35,"DXB,LEJ",Dep 06:44,,,2026-09-07T16:11:06+08:00
3S 707_2026-09-06,3S 707,BOX,2026-09-06,05:45,"BAH,LEJ",Dep 06:08,,,2026-09-07T16:11:06+08:00
QR 8407_2026-09-06,QR 8407,QTR,2026-09-06,05:50,DOH,Dep 05:40,,,2026-09-07T16:11:06+08:00
CX 007_2026-09-06,CX 007,CPA,2026-09-06,05:55,"NQZ,LHR",Dep 06:19,,,2026-09-07T16:11:06+08:00
QY 655_2026-09-06,QY 655,BCS,2026-09-06,05:55,"GYD,LEJ",Dep 06:21,,,2026-09-07T16:11:06+08:00
3S 500_2026-09-06,3S 500,BOX,2026-09-06,06:00,LAX,Dep 06:20,,,2026-09-07T16:11:06+08:00
QR 8431_2026-09-06,QR 8431,QTR,2026-09-06,06:00,DOH,Dep 05:53,,,2026-09-07T16:11:06+08:00
QY 651_2026-09-06,QY 651,BCS,2026-09-06,06:30,"BAH,MXP,LEJ",Dep 06:40,,,2026-09-07T16:11:06+08:00
CX 072_2026-09-06,CX 072,CPA,2026-09-06,06:40,"ANC,MIA,IAH",Dep 07:12,,,2026-09-07T16:11:06+08:00
K4 255_2026-09-06,K4 255,CKS,2026-09-06,06:55,"ANC,JFK,CVG",Dep 07:16,,,2026-09-07T16:11:06+08:00
D0 501_2026-09-06,D0 501,DHK,2026-09-06,06:55,"BRU,EMA",Dep 07:04,,,2026-09-07T16:11:06+08:00
CC 4030_2026-09-06,CC 4030,ABD,2026-09-06,06:55,CMB,Dep 10:41,,,2026-09-07T16:11:06+08:00
C6 7636_2026-09-06,C6 7636,MFX,2026-09-06,07:00,TAS,Dep 12:44,,,2026-09-07T16:11:06+08:00
K4 235_2026-09-06,K4 235,CKS,2026-09-06,07:00,"ANC,CVG",Dep 07:37,,,2026-09-07T16:11:06+08:00
T8 4704_2026-09-06,T8 4704,TVR,2026-09-06,07:00,DMM,Dep 07:15,,,2026-09-07T16:11:06+08:00
RH 331_2026-09-06,RH 331,HKC,2026-09-06,07:00,BKK,Dep 01:41 (07/09/2026),,,2026-09-07T16:11:06+08:00
LD 8075_2026-09-06,LD 8075,AHK,2026-09-06,07:00,SYD,Dep 06:56,,,2026-09-07T16:11:06+08:00
QY 517_2026-09-06,QY 517,BCS,2026-09-06,07:00,"ALA,BRU",Dep 07:54,,,2026-09-07T16:11:06+08:00
CT 901_2026-09-06,CT 901,AAE,2026-09-06,07:05,ICN,Dep 07:04,,,2026-09-07T16:11:06+08:00
K4 201_2026-09-06,K4 201,CKS,2026-09-06,07:05,"ANC,CVG",Dep 07:00,,,2026-09-07T16:11:06+08:00
CK 264_2026-09-06,CK 264,CKK,2026-09-06,07:10,CKG,Dep 00:39 (07/09/2026),,,2026-09-07T16:11:06+08:00
CI 5834_2026-09-06,CI 5834,CAL,2026-09-06,07:20,TPE,Dep 11:01,,,2026-09-07T16:11:06+08:00
CV 708_2026-09-06,CV 708,CLX,2026-09-06,07:20,"GYD,BUD,LUX",Dep 07:08,,,2026-09-07T16:11:06+08:00
HJ 024_2026-09-06,HJ 024,TMN,2026-09-06,07:25,SYD,Cancelled,,,2026-09-07T16:11:06+08:00
3S 721_2026-09-06,3S 721,BOX,2026-09-06,07:35,"DEL,LEJ",Dep 07:50,,,2026-09-07T16:11:06+08:00
5X 003_2026-09-06,5X 003,UPS,2026-09-06,07:35,"BLR,CGN,PHL",Dep 07:35,,,2026-09-07T16:11:06+08:00
QY 679_2026-09-06,QY 679,BCS,2026-09-06,07:45,"GYD,LEJ",Dep 08:44,,,2026-09-07T16:11:06+08:00
Y9 2562_2026-09-06,Y9 2562,SGA,2026-09-06,08:20,"DAC,DWC",Dep 09:29,,,2026-09-07T16:11:06+08:00
7L 572_2026-09-06,7L 572,AZG,2026-09-06,08:50,DWC,Dep 10:08,,,2026-09-07T16:11:06+08:00
HQ 4111_2026-09-06,HQ 4111,ADZ,2026-09-06,09:00,DWC,Dep 11:05,,,2026-09-07T16:11:06+08:00
FX 018_2026-09-06,FX 018,FDX,2026-09-06,09:15,"SIN,ANC,MEM",Dep 09:20,,,2026-09-07T16:11:06+08:00
ES 696_2026-09-06,ES 696,DHX,2026-09-06,09:20,BAH,Cancelled,,,2026-09-07T16:11:06+08:00
3S 509_2026-09-06,3S 509,BOX,2026-09-06,09:30,LEJ,Dep 09:42,,,2026-09-07T16:11:06+08:00
7L 1612_2026-09-06,7L 1612,AZG,2026-09-06,09:30,"ANC,ORD",Dep 11:22,,,2026-09-07T16:11:06+08:00
HJ 032_2026-09-06,HJ 032,TMN,2026-09-06,09:35,MEL,Dep 09:25,,,2026-09-07T16:11:06+08:00
QR 8433_2026-09-06,QR 8433,QTR,2026-09-06,09:45,DOH,Dep 09:42,,,2026-09-07T16:11:06+08:00
RH 371_2026-09-06,RH 371,HKC,2026-09-06,09:50,SIN,Dep 08:15,,,2026-09-07T16:11:06+08:00
CX 3249_2026-09-06,CX 3249,CPA,2026-09-06,09:50,CGK,Cancelled,,,2026-09-07T16:11:06+08:00
K4 273_2026-09-06,K4 273,CKS,2026-09-06,09:55,"ANC,CVG",Dep 09:45,,,2026-09-07T16:11:06+08:00
RH 962_2026-09-06,RH 962,HKC,2026-09-06,09:55,KIX,Dep 13:21,,,2026-09-07T16:11:06+08:00
TK 6275_2026-09-06,TK 6275,THY,2026-09-06,10:10,"CIT,IST",Dep 10:24,,,2026-09-07T16:11:06+08:00
LH 8463_2026-09-06,LH 8463,GEC,2026-09-06,10:15,"IST,FRA",Dep 10:56,,,2026-09-07T16:11:06+08:00
CX 079_2026-09-06,CX 079,CPA,2026-09-06,10:40,SIN,Dep 11:21,,,2026-09-07T16:11:06+08:00
KJ 954_2026-09-06,KJ 954,AIH,2026-09-06,10:45,ICN,Dep 10:50,,,2026-09-07T16:11:06+08:00
RH 829_2026-09-06,RH 829,HKC,2026-09-06,11:15,PVG,Dep 06:09,,,2026-09-07T16:11:06+08:00
MP 9462_2026-09-06,MP 9462,MPH,2026-09-06,11:15,"GYD,AMS",Dep 11:27,,,2026-09-07T16:11:06+08:00
3V 400_2026-09-06,3V 400,TAY,2026-09-06,11:25,"DWC,LGG",Dep 12:37,,,2026-09-07T16:11:06+08:00
EK 9859_2026-09-06,EK 9859,UAE,2026-09-06,11:40,DWC,Dep 10:31,,,2026-09-07T16:11:06+08:00
CX 3194_2026-09-06,CX 3194,CPA,2026-09-06,11:55,"ANC,JFK",Dep 14:58,,,2026-09-07T16:11:06+08:00
T8 4728_2026-09-06,T8 4728,TVR,2026-09-06,12:00,DMM,Cancelled,,,2026-09-07T16:11:06+08:00
5C 770_2026-09-06,5C 770,ICL,2026-09-06,13:00,"DWC,TLV",Cancelled,,,2026-09-07T16:11:06+08:00
5Y 5579_2026-09-06,5Y 5579,GTI,2026-09-06,13:20,ICN,Cancelled,,,2026-09-07T16:11:06+08:00
KJ 970_2026-09-06,KJ 970,AIH,2026-09-06,14:00,ICN,Dep 15:48,,,2026-09-07T16:11:06+08:00
CC 4100_2026-09-06,CC 4100,ABD,2026-09-06,14:00,"DWC,LGG",Dep 16:28,,,2026-09-07T16:11:06+08:00
MH 6107_2026-09-06,MH 6107,MAS,2026-09-06,14:00,KUL,Dep 14:57,,,2026-09-07T16:11:06+08:00
K4 551_2026-09-06,K4 551,CKS,2026-09-06,14:15,"NRT,ANC,ORD",Dep 14:54,,,2026-09-07T16:11:06+08:00
CV 209_2026-09-06,CV 209,CLX,2026-09-06,14:45,"ANC,ORD,LUX",Dep 15:29,,,2026-09-07T16:11:06+08:00
CX 3174_2026-09-06,CX 3174,CPA,2026-09-06,14:45,"ANC,MIA",Dep 17:31,,,2026-09-07T16:11:06+08:00
5Y 8373_2026-09-06,5Y 8373,GTI,2026-09-06,15:00,"ANC,MIA",Dep 09:48 (07/09/2026),,,2026-09-07T16:11:06+08:00
SR 815_2026-09-06,SR 815,XKY,2026-09-06,15:15,CRK,Dep 15:22,,,2026-09-07T16:11:06+08:00
KZ 206_2026-09-06,KZ 206,NCA,2026-09-06,15:30,NRT,Dep 15:55,,,2026-09-07T16:11:06+08:00
NH 8514_2026-09-06,NH 8514,ANA,2026-09-06,15:40,NRT,Dep 16:40,,,2026-09-07T16:11:06+08:00
P9 881_2026-09-06,P9 881,MGE,2026-09-06,16:10,GUM,Dep 16:23,,,2026-09-07T16:11:06+08:00
CV 342_2026-09-06,CV 342,CLX,2026-09-06,16:30,"ANC,MIA,LUX",Dep 04:47 (07/09/2026),,,2026-09-07T16:11:06+08:00
K4 527_2026-09-06,K4 527,CKS,2026-09-06,16:30,"ICN,ANC,LAX",Dep 16:40,,,2026-09-07T16:11:06+08:00
RH 9489_2026-09-06,RH 9489,HKC,2026-09-06,16:40,"ALA,IST",Cancelled,,,2026-09-07T16:11:06+08:00
5Y 654_2026-09-06,5Y 654,GTI,2026-09-06,16:50,"ANC,ORD,MIA",Dep 03:50 (07/09/2026),,,2026-09-07T16:11:06+08:00
KE 9314_2026-09-06,KE 9314,KAL,2026-09-06,16:55,ICN,Dep 16:53,,,2026-09-07T16:11:06+08:00
7L 1512_2026-09-06,7L 1512,AZG,2026-09-06,17:05,GYD,Dep 18:45,,,2026-09-07T16:11:06+08:00
RH 9375_2026-09-06,RH 9375,HKC,2026-09-06,17:10,MAA,Dep 19:17,,,2026-09-07T16:11:06+08:00
7L 923_2026-09-06,7L 923,AZG,2026-09-06,17:20,GYD,Cancelled,,,2026-09-07T16:11:06+08:00
EK 9797_2026-09-06,EK 9797,UAE,2026-09-06,17:40,DWC,Cancelled,,,2026-09-07T16:11:06+08:00
5X 019_2026-09-06,5X 019,UPS,2026-09-06,17:50,CGN,Cancelled,,,2026-09-07T16:11:06+08:00
Z7 322_2026-09-06,Z7 322,CMS,2026-09-06,18:00,"CCU,TBS",Cancelled,,,2026-09-07T16:11:06+08:00
RH 9457_2026-09-06,RH 9457,HKC,2026-09-06,18:20,DEL,Dep 18:18,,,2026-09-07T16:11:06+08:00
7L 621_2026-09-06,7L 621,AZG,2026-09-06,18:25,GYD,Cancelled,,,2026-09-07T16:11:06+08:00
AK 8542_2026-09-06,AK 8542,AXM,2026-09-06,18:30,KUL,Dep 23:11,,,2026-09-07T16:11:06+08:00
CV 226_2026-09-06,CV 226,CLX,2026-09-06,18:35,"ANC,JFK,LUX",Dep 19:01,,,2026-09-07T16:11:06+08:00
SQ 7873_2026-09-06,SQ 7873,SIA,2026-09-06,18:45,SIN,Dep 17:48,,,2026-09-07T16:11:06+08:00
CX 043_2026-09-06,CX 043,CPA,2026-09-06,18:55,MAA,Dep 19:06,,,2026-09-07T16:11:06+08:00
5Y 8137_2026-09-06,5Y 8137,GTI,2026-09-06,19:00,"DEL,ANC",Dep 06:34 (07/09/2026),,,2026-09-07T16:11:06+08:00
C8 513_2026-09-06,C8 513,ICV,2026-09-06,19:15,"ASB,MXP",Dep 19:57,,,2026-09-07T16:11:06+08:00
CV 942_2026-09-06,CV 942,CLX,2026-09-06,19:30,"ASB,LUX",Dep 20:45,,,2026-09-07T16:11:06+08:00
5Y 8007_2026-09-06,5Y 8007,GTI,2026-09-06,19:55,IST,Cancelled,,,2026-09-07T16:11:06+08:00
5Y 648_2026-09-06,5Y 648,GTI,2026-09-06,20:00,"ANC,MIA",Dep 21:29,,,2026-09-07T16:11:06+08:00
CX 2098_2026-09-06,CX 2098,CPA,2026-09-06,20:05,"ANC,ORD",Dep 20:09,,,2026-09-07T16:11:06+08:00
5Y 8523_2026-09-06,5Y 8523,GTI,2026-09-06,20:45,"ANC,ORD",Cancelled,,,2026-09-07T16:11:06+08:00
RH 317_2026-09-06,RH 317,HKC,2026-09-06,20:50,HAN,Est at 06:00 (08/09/2026),,,2026-09-07T16:11:06+08:00
7L 692_2026-09-06,7L 692,AZG,2026-09-06,21:20,GYD,Cancelled,,,2026-09-07T16:11:06+08:00
CX 037_2026-09-06,CX 037,CPA,2026-09-06,21:30,"DEL,FRA",Dep 21:50,,,2026-09-07T16:11:06+08:00
SV 3967_2026-09-06,SV 3967,SVA,2026-09-06,21:35,RUH,Cancelled,,,2026-09-07T16:11:06+08:00
QR 8477_2026-09-06,QR 8477,QTR,2026-09-06,22:10,DOH,Dep 22:30,,,2026-09-07T16:11:06+08:00
QF 7526_2026-09-06,QF 7526,QFA,2026-09-06,22:20,"SYD,WSI",Dep 23:32,,,2026-09-07T16:11:06+08:00
TK 6221_2026-09-06,TK 6221,THY,2026-09-06,22:25,"CIT,IST",Dep 01:21 (07/09/2026),,,2026-09-07T16:11:06+08:00
WW 862_2026-09-06,WW 862,KXP,2026-09-06,22:45,KUL,Dep 02:20 (07/09/2026),,,2026-09-07T16:11:06+08:00
CX 3129_2026-09-06,CX 3129,CPA,2026-09-06,22:50,SYD,Dep 01:04 (07/09/2026),,,2026-09-07T16:11:06+08:00
CI 5832_2026-09-06,CI 5832,CAL,2026-09-06,23:00,TPE,Dep 00:43 (07/09/2026),,,2026-09-07T16:11:06+08:00
SR 813_2026-09-06,SR 813,XKY,2026-09-06,23:15,MNL,Dep 23:04,,,2026-09-07T16:11:06+08:00
CX 3290_2026-09-06,CX 3290,CPA,2026-09-06,23:55,"ANC,DFW,ATL",Dep 01:14 (07/09/2026),,,2026-09-07T16:11:06+08:00
SV 3030_2026-09-03,SV 3030,SVA,2026-09-03,22:45,RUH,Est at 16:49 (07/09/2026),,,2026-09-07T16:45:31+08:00
SV 986_2026-09-03,SV 986,SVA,2026-09-03,22:45,RUH,Cancelled,,,2026-09-07T16:45:31+08:00
CX 015D_2026-09-05,CX 015D,CPA,2026-09-05,16:10,"NRT,TPE",Est at 18:11 (07/09/2026),,,2026-09-07T16:45:31+08:00
RH 318_2026-09-05,RH 318,HKC,2026-09-05,21:35,HAN,At gate 08:37 (07/09/2026),,,2026-09-07T16:45:31+08:00
RH 4569_2026-09-06,RH 4569,HKC,2026-09-06,07:55,TPE,At gate 01:05 (07/09/2026),,,2026-09-07T16:45:31+08:00
RH 9492_2026-09-06,RH 9492,HKC,2026-09-06,09:45,"IST,ALA",Est at 19:48 (07/09/2026),,,2026-09-07T16:45:31+08:00
5Y 8373_2026-09-06,5Y 8373,GTI,2026-09-06,13:00,HAN,At gate 07:15 (07/09/2026),,,2026-09-07T16:45:31+08:00
CV 4796_2026-09-06,CV 4796,CLX,2026-09-06,14:30,LUX,At gate 01:41 (07/09/2026),,,2026-09-07T16:45:31+08:00
RH 332_2026-09-06,RH 332,HKC,2026-09-06,15:10,BKK,At gate 09:18 (07/09/2026),,,2026-09-07T16:45:31+08:00
5Y 8154_2026-09-06,5Y 8154,GTI,2026-09-06,16:15,AMS,At gate 00:36 (07/09/2026),,,2026-09-07T16:45:31+08:00
WW 861_2026-09-06,WW 861,KXP,2026-09-06,21:45,BKI,At gate 01:04 (07/09/2026),,,2026-09-07T16:45:31+08:00
KZ 203_2026-09-07,KZ 203,NCA,2026-09-07,00:10,NRT,At gate 02:58,,,2026-09-07T16:45:31+08:00
5X 168_2026-09-07,5X 168,UPS,2026-09-07,00:20,"SDF,SIN,PEN,SGN",At gate 00:14,,,2026-09-07T16:45:31+08:00
QR 8454_2026-09-07,QR 8454,QTR,2026-09-07,00:30,"DOH,ALA",At gate 01:13,,,2026-09-07T16:45:31+08:00
CX 3348_2026-09-07,CX 3348,CPA,2026-09-07,01:05,"CGK,HAN",Cancelled,,,2026-09-07T16:45:31+08:00
KE 313_2026-09-07,KE 313,KAL,2026-09-07,01:10,ICN,At gate 00:55,,,2026-09-07T16:45:31+08:00
CX 078_2026-09-07,CX 078,CPA,2026-09-07,01:20,"SIN,PEN,KTI",At gate 02:05,,,2026-09-07T16:45:31+08:00
QR 8500_2026-09-07,QR 8500,QTR,2026-09-07,01:35,DOH,At gate 01:21,,,2026-09-07T16:45:31+08:00
BR 6529_2026-09-07,BR 6529,EVA,2026-09-07,01:50,TPE,At gate 01:38,,,2026-09-07T16:45:31+08:00
3S 590_2026-09-07,3S 590,BOX,2026-09-07,02:15,"LEJ,NRT",At gate 01:56,,,2026-09-07T16:45:31+08:00
RH 318_2026-09-07,RH 318,HKC,2026-09-07,02:20,HAN,Est at 11:30 (08/09/2026),,,2026-09-07T16:45:31+08:00
CX 083_2026-09-07,CX 083,CPA,2026-09-07,02:40,"PDX,ANC",At gate 02:37,,,2026-09-07T16:45:31+08:00
3S 628_2026-09-07,3S 628,BOX,2026-09-07,03:00,"FRA,ALA",At gate 02:34,,,2026-09-07T16:45:31+08:00
QR 8434_2026-09-07,QR 8434,QTR,2026-09-07,03:00,DOH,At gate 03:10,,,2026-09-07T16:45:31+08:00
CT 117_2026-09-07,CT 117,AAE,2026-09-07,03:20,BUD,Cancelled,,,2026-09-07T16:45:31+08:00
EK 9862_2026-09-07,EK 9862,UAE,2026-09-07,03:25,DWC,At gate 04:07,,,2026-09-07T16:45:31+08:00
SV 982_2026-09-07,SV 982,SVA,2026-09-07,04:00,DMM,At gate 09:32,,,2026-09-07T16:45:31+08:00
K4 701_2026-09-07,K4 701,CKS,2026-09-07,04:15,TLV,At gate 06:44,,,2026-09-07T16:45:31+08:00
HJ 121_2026-09-07,HJ 121,TMN,2026-09-07,04:25,SYD,Cancelled,,,2026-09-07T16:45:31+08:00
CK 263_2026-09-07,CK 263,CKK,2026-09-07,04:45,PVG,Cancelled,,,2026-09-07T16:45:31+08:00
CX 085_2026-09-07,CX 085,CPA,2026-09-07,04:55,JFK,At gate 07:19,,,2026-09-07T16:45:31+08:00
CI 5827_2026-09-07,CI 5827,CAL,2026-09-07,05:05,TPE,At gate 06:11,,,2026-09-07T16:45:31+08:00
3S 580_2026-09-07,3S 580,BOX,2026-09-07,05:15,"LEJ,ICN",At gate 04:45,,,2026-09-07T16:45:31+08:00
SR 814_2026-09-07,SR 814,XKY,2026-09-07,05:15,MNL,At gate 04:30,,,2026-09-07T16:45:31+08:00
CX 081_2026-09-07,CX 081,CPA,2026-09-07,06:00,"ORD,ANC",At gate 08:16,,,2026-09-07T16:45:31+08:00
MB 728_2026-09-07,MB 728,MNB,2026-09-07,06:40,ALA,At gate 05:55,,,2026-09-07T16:45:31+08:00
EK 9780_2026-09-07,EK 9780,UAE,2026-09-07,06:40,DWC,At gate 07:12,,,2026-09-07T16:45:31+08:00
T8 4727_2026-09-07,T8 4727,TVR,2026-09-07,07:00,DMM,At gate 08:03,,,2026-09-07T16:45:31+08:00
CX 068_2026-09-07,CX 068,CPA,2026-09-07,07:00,"FRA,MXP",At gate 12:51,,,2026-09-07T16:45:31+08:00
ET 3784_2026-09-07,ET 3784,ETH,2026-09-07,07:00,MAD,Cancelled,,,2026-09-07T16:45:31+08:00
RH 9376_2026-09-07,RH 9376,HKC,2026-09-07,07:00,MAA,At gate 08:27,,,2026-09-07T16:45:31+08:00
5Y 8133_2026-09-07,5Y 8133,GTI,2026-09-07,07:35,LAX,Cancelled,,,2026-09-07T16:45:31+08:00
CX 2018_2026-09-07,CX 2018,CPA,2026-09-07,07:35,MAA,At gate 08:04,,,2026-09-07T16:45:31+08:00
RH 9458_2026-09-07,RH 9458,HKC,2026-09-07,07:50,DEL,At gate 07:02,,,2026-09-07T16:45:31+08:00
5X 054_2026-09-07,5X 054,UPS,2026-09-07,08:35,"SDF,ANC,TPE",At gate 08:22,,,2026-09-07T16:45:31+08:00
SQ 7974_2026-09-07,SQ 7974,SIA,2026-09-07,08:40,SIN,At gate 08:11,,,2026-09-07T16:45:31+08:00
MP 9471_2026-09-07,MP 9471,MPH,2026-09-07,08:40,AMS,At gate 08:28,,,2026-09-07T16:45:31+08:00
7L 647_2026-09-07,7L 647,AZG,2026-09-07,09:00,"GYD,DMM",At gate 12:12,,,2026-09-07T16:45:31+08:00
CV 9937_2026-09-07,CV 9937,CLX,2026-09-07,09:35,LUX,At gate 09:23,,,2026-09-07T16:45:31+08:00
CV 7407_2026-09-07,CV 7407,CLX,2026-09-07,10:30,LUX,At gate 10:08,,,2026-09-07T16:45:31+08:00
TK 6300_2026-09-07,TK 6300,THY,2026-09-07,10:35,"IST,TAS",At gate 09:29,,,2026-09-07T16:45:31+08:00
EK 9848_2026-09-07,EK 9848,UAE,2026-09-07,10:40,DWC,At gate 08:39,,,2026-09-07T16:45:31+08:00
CV 4167_2026-09-07,CV 4167,CLX,2026-09-07,10:45,"LUX,MCT",At gate 12:20,,,2026-09-07T16:45:31+08:00
5X 058_2026-09-07,5X 058,UPS,2026-09-07,10:45,"HNL,GUM",At gate 15:25,,,2026-09-07T16:45:31+08:00
KE 8313_2026-09-07,KE 8313,KAL,2026-09-07,10:55,ICN,At gate 10:32,,,2026-09-07T16:45:31+08:00
3S 718_2026-09-07,3S 718,BOX,2026-09-07,12:05,LEJ,At gate 12:57,,,2026-09-07T16:45:31+08:00
QR 8400_2026-09-07,QR 8400,QTR,2026-09-07,12:20,DOH,At gate 12:05,,,2026-09-07T16:45:31+08:00
CP 191_2026-09-07,CP 191,LSI,2026-09-07,12:35,MXP,At gate 12:06,,,2026-09-07T16:45:31+08:00
KZ 209_2026-09-07,KZ 209,NCA,2026-09-07,12:45,NRT,At gate 14:03,,,2026-09-07T16:45:31+08:00
5X 004_2026-09-07,5X 004,UPS,2026-09-07,12:50,"PHL,CGN",At gate 12:28,,,2026-09-07T16:45:31+08:00
3S 714_2026-09-07,3S 714,BOX,2026-09-07,13:20,"LEJ,DXB",Est at 17:23,,,2026-09-07T16:45:31+08:00
CX 2048_2026-09-07,CX 2048,CPA,2026-09-07,13:25,HAN,Landed 16:36,,,2026-09-07T16:45:31+08:00
WW 861_2026-09-07,WW 861,KXP,2026-09-07,13:45,BKI,Cancelled,,,2026-09-07T16:45:31+08:00
SV 3030_2026-09-07,SV 3030,SVA,2026-09-07,14:25,RUH,Cancelled,,,2026-09-07T16:45:31+08:00
5X 018_2026-09-07,5X 018,UPS,2026-09-07,14:25,"PHL,CGN",At gate 13:37,,,2026-09-07T16:45:31+08:00
5Y 8537_2026-09-07,5Y 8537,GTI,2026-09-07,14:30,"LAX,HNL",At gate 12:45,,,2026-09-07T16:45:31+08:00
ET 3618_2026-09-07,ET 3618,ETH,2026-09-07,14:40,"ADD,ICN",Est at 18:50,,,2026-09-07T16:45:31+08:00
KE 311_2026-09-07,KE 311,KAL,2026-09-07,14:40,ICN,At gate 14:14,,,2026-09-07T16:45:31+08:00
3S 520_2026-09-07,3S 520,BOX,2026-09-07,14:45,"LEJ,BAH",At gate 14:32,,,2026-09-07T16:45:31+08:00
5Y 752_2026-09-07,5Y 752,GTI,2026-09-07,15:40,DFW,At gate 15:37,,,2026-09-07T16:45:31+08:00
CV 4327_2026-09-07,CV 4327,CLX,2026-09-07,15:50,LUX,Landed 16:19,,,2026-09-07T16:45:31+08:00
EK 9796_2026-09-07,EK 9796,UAE,2026-09-07,15:50,DWC,At gate 16:22,,,2026-09-07T16:45:31+08:00
EK 9850_2026-09-07,EK 9850,UAE,2026-09-07,16:00,DWC,At gate 15:46,,,2026-09-07T16:45:31+08:00
FX 079_2026-09-07,FX 079,FDX,2026-09-07,16:30,"MEM,ANC",At gate 15:56,,,2026-09-07T16:45:31+08:00
2C 574_2026-09-07,2C 574,CMA,2026-09-07,16:45,CDG,At gate 15:52,,,2026-09-07T16:45:31+08:00
CX 008_2026-09-07,CX 008,CPA,2026-09-07,17:10,"LHR,CDG",Est at 17:37,,,2026-09-07T16:45:31+08:00
EK 9836_2026-09-07,EK 9836,UAE,2026-09-07,17:30,DWC,Est at 17:33,,,2026-09-07T16:45:31+08:00
TK 6063_2026-09-07,TK 6063,THY,2026-09-07,17:45,"IST,TBS",Est at 17:49,,,2026-09-07T16:45:31+08:00
7L 147_2026-09-07,7L 147,AZG,2026-09-07,18:15,GYD,,,,2026-09-07T16:45:31+08:00
HE 1720_2026-09-07,HE 1720,HGO,2026-09-07,18:15,BSZ,Est at 18:17,,,2026-09-07T16:45:31+08:00
5Y 8523_2026-09-07,5Y 8523,GTI,2026-09-07,18:40,HAN,,,,2026-09-07T16:45:31+08:00
TH 640_2026-09-07,TH 640,RMY,2026-09-07,18:40,BKI,Est at 16:51,,,2026-09-07T16:45:31+08:00
LD 8076_2026-09-07,LD 8076,AHK,2026-09-07,18:40,SYD,Est at 19:04,,,2026-09-07T16:45:31+08:00
3S 536_2026-09-07,3S 536,BOX,2026-09-07,18:45,"LEJ,SIN",Est at 18:31,,,2026-09-07T16:45:31+08:00
ET 3728X_2026-09-07,ET 3728X,ETH,2026-09-07,18:50,LGG,Cancelled,,,2026-09-07T16:45:31+08:00
CV 7337_2026-09-07,CV 7337,CLX,2026-09-07,20:00,"LUX,GYD,CGK",Est at 18:30 (08/09/2026),,,2026-09-07T16:45:31+08:00
QR 8430_2026-09-07,QR 8430,QTR,2026-09-07,20:05,DOH,Est at 19:51,,,2026-09-07T16:45:31+08:00
CX 3244_2026-09-07,CX 3244,CPA,2026-09-07,20:30,DEL,Est at 22:06 (08/09/2026),,,2026-09-07T16:45:31+08:00
CX 097_2026-09-07,CX 097,CPA,2026-09-07,21:15,"NLU,GDL,ANC",Est at 20:18,,,2026-09-07T16:45:31+08:00
3S 582_2026-09-07,3S 582,BOX,2026-09-07,21:25,"LEJ,ICN",,,,2026-09-07T16:45:31+08:00
D0 597_2026-09-07,D0 597,DHK,2026-09-07,21:45,"EMA,LEJ,BAH",Est at 21:50,,,2026-09-07T16:45:31+08:00
RH 9488_2026-09-07,RH 9488,HKC,2026-09-07,22:10,"IST,ALA",Est at 15:40 (08/09/2026),,,2026-09-07T16:45:31+08:00
3G 800_2026-09-07,3G 800,WCM,2026-09-07,22:55,BKI,Est at 23:00,,,2026-09-07T16:45:31+08:00
CX 3128_2026-09-07,CX 3128,CPA,2026-09-07,23:30,"SYD,MEL",Est at 00:29 (08/09/2026),,,2026-09-07T16:45:31+08:00
K4 204_2026-09-08,K4 204,CKS,2026-09-08,00:00,"CVG,NRT",Est at 23:10 (07/09/2026),,,2026-09-07T16:45:31+08:00
SV 3031_2026-09-04,SV 3031,SVA,2026-09-04,00:30,JED,Est at 18:20 (07/09/2026),,,2026-09-07T16:46:32+08:00
SV 987_2026-09-04,SV 987,SVA,2026-09-04,00:30,JED,Cancelled,,,2026-09-07T16:46:32+08:00
RH 317_2026-09-05,RH 317,HKC,2026-09-05,15:55,HAN,Dep 02:51 (07/09/2026),,,2026-09-07T16:46:32+08:00
RH 9489_2026-09-05,RH 9489,HKC,2026-09-05,16:40,"ALA,IST",Est at 10:15 (07/09/2026),,,2026-09-07T16:46:32+08:00
RH 331_2026-09-06,RH 331,HKC,2026-09-06,07:00,BKK,Dep 01:41 (07/09/2026),,,2026-09-07T16:46:32+08:00
CK 264_2026-09-06,CK 264,CKK,2026-09-06,07:10,CKG,Dep 00:39 (07/09/2026),,,2026-09-07T16:46:32+08:00
5Y 8373_2026-09-06,5Y 8373,GTI,2026-09-06,15:00,"ANC,MIA",Dep 09:48 (07/09/2026),,,2026-09-07T16:46:32+08:00
CV 342_2026-09-06,CV 342,CLX,2026-09-06,16:30,"ANC,MIA,LUX",Dep 04:47 (07/09/2026),,,2026-09-07T16:46:32+08:00
5Y 654_2026-09-06,5Y 654,GTI,2026-09-06,16:50,"ANC,ORD,MIA",Dep 03:50 (07/09/2026),,,2026-09-07T16:46:32+08:00
5Y 8137_2026-09-06,5Y 8137,GTI,2026-09-06,19:00,"DEL,ANC",Dep 06:34 (07/09/2026),,,2026-09-07T16:46:32+08:00
TK 6221_2026-09-06,TK 6221,THY,2026-09-06,22:25,"CIT,IST",Dep 01:21 (07/09/2026),,,2026-09-07T16:46:32+08:00
WW 862_2026-09-06,WW 862,KXP,2026-09-06,22:45,KUL,Dep 02:20 (07/09/2026),,,2026-09-07T16:46:32+08:00
CX 3129_2026-09-06,CX 3129,CPA,2026-09-06,22:50,SYD,Dep 01:04 (07/09/2026),,,2026-09-07T16:46:32+08:00
CI 5832_2026-09-06,CI 5832,CAL,2026-09-06,23:00,TPE,Dep 00:43 (07/09/2026),,,2026-09-07T16:46:32+08:00
CX 3290_2026-09-06,CX 3290,CPA,2026-09-06,23:55,"ANC,DFW,ATL",Dep 01:14 (07/09/2026),,,2026-09-07T16:46:32+08:00
EY 948_2026-09-07,EY 948,ETD,2026-09-07,00:20,AUH,Dep 00:19,,,2026-09-07T16:46:32+08:00
TH 671_2026-09-07,TH 671,RMY,2026-09-07,00:30,KUL,Dep 00:06,,,2026-09-07T16:46:32+08:00
ET 3767_2026-09-07,ET 3767,ETH,2026-09-07,00:40,LGG,Cancelled,,,2026-09-07T16:46:32+08:00
CV 7957_2026-09-07,CV 7957,CLX,2026-09-07,00:40,"NQZ,LUX",Dep 00:36,,,2026-09-07T16:46:32+08:00
CX 096_2026-09-07,CX 096,CPA,2026-09-07,01:30,"ANC,NLU",Dep 05:30,,,2026-09-07T16:46:32+08:00
5X 169_2026-09-07,5X 169,UPS,2026-09-07,01:35,"SIN,SDF",Dep 01:52,,,2026-09-07T16:46:32+08:00
TK 6257_2026-09-07,TK 6257,THY,2026-09-07,01:40,IST,Dep 01:55,,,2026-09-07T16:46:32+08:00
KZ 202_2026-09-07,KZ 202,NCA,2026-09-07,02:25,NRT,Dep 05:44,,,2026-09-07T16:46:32+08:00
QR 8411_2026-09-07,QR 8411,QTR,2026-09-07,02:30,DOH,Dep 03:59,,,2026-09-07T16:46:32+08:00
LD 680_2026-09-07,LD 680,AHK,2026-09-07,02:40,TPE,Dep 02:34,,,2026-09-07T16:46:32+08:00
KE 314_2026-09-07,KE 314,KAL,2026-09-07,03:10,ICN,Dep 02:42,,,2026-09-07T16:46:32+08:00
QR 8415_2026-09-07,QR 8415,QTR,2026-09-07,03:35,DOH,Dep 03:23,,,2026-09-07T16:46:32+08:00
BR 6530_2026-09-07,BR 6530,EVA,2026-09-07,03:50,TPE,Dep 03:32,,,2026-09-07T16:46:32+08:00
QR 8435_2026-09-07,QR 8435,QTR,2026-09-07,05:00,DOH,Dep 04:43,,,2026-09-07T16:46:32+08:00
EK 9863_2026-09-07,EK 9863,UAE,2026-09-07,05:25,DWC,Dep 05:23,,,2026-09-07T16:46:32+08:00
3S 633_2026-09-07,3S 633,BOX,2026-09-07,06:00,"DWC,FRA",Dep 05:52,,,2026-09-07T16:46:32+08:00
SV 983_2026-09-07,SV 983,SVA,2026-09-07,06:00,RUH,Dep 11:44,,,2026-09-07T16:46:32+08:00
CX 3286_2026-09-07,CX 3286,CPA,2026-09-07,06:55,"ANC,JFK",Dep 16:14,,,2026-09-07T16:46:32+08:00
CK 264_2026-09-07,CK 264,CKK,2026-09-07,07:00,CKG,Cancelled,,,2026-09-07T16:46:32+08:00
CT 901_2026-09-07,CT 901,AAE,2026-09-07,07:05,"ICN,ANC,MIA",Cancelled,,,2026-09-07T16:46:32+08:00
CI 5828_2026-09-07,CI 5828,CAL,2026-09-07,07:05,TPE,Dep 08:01,,,2026-09-07T16:46:32+08:00
CX 2049_2026-09-07,CX 2049,CPA,2026-09-07,07:15,HAN,Dep 10:27,,,2026-09-07T16:46:32+08:00
CX 3245_2026-09-07,CX 3245,CPA,2026-09-07,07:20,DEL,Est at 09:10 (08/09/2026),,,2026-09-07T16:46:32+08:00
K4 253_2026-09-07,K4 253,CKS,2026-09-07,07:25,"ANC,CVG",Dep 07:26,,,2026-09-07T16:46:32+08:00
Z7 322_2026-09-07,Z7 322,CMS,2026-09-07,07:50,"CCU,TBS",Dep 07:51,,,2026-09-07T16:46:32+08:00
RH 9485_2026-09-07,RH 9485,HKC,2026-09-07,08:05,"ALA,IST",Est at 03:50 (08/09/2026),,,2026-09-07T16:46:32+08:00
MB 729_2026-09-07,MB 729,MNB,2026-09-07,08:40,"AMD,SHJ",Dep 09:09,,,2026-09-07T16:46:32+08:00
EK 9781_2026-09-07,EK 9781,UAE,2026-09-07,08:40,DWC,Dep 08:52,,,2026-09-07T16:46:32+08:00
3S 580_2026-09-07,3S 580,BOX,2026-09-07,08:45,CVG,Dep 08:12,,,2026-09-07T16:46:32+08:00
HQ 4221_2026-09-07,HQ 4221,ADZ,2026-09-07,09:15,DWC,Dep 10:03,,,2026-09-07T16:46:32+08:00
ET 3035_2026-09-07,ET 3035,ETH,2026-09-07,09:30,ADD,Cancelled,,,2026-09-07T16:46:32+08:00
HQ 5211_2026-09-07,HQ 5211,ADZ,2026-09-07,09:30,MBA,Dep 09:50,,,2026-09-07T16:46:32+08:00
CX 098_2026-09-07,CX 098,CPA,2026-09-07,09:50,"ANC,ORD",Dep 09:51,,,2026-09-07T16:46:32+08:00
5Y 8318_2026-09-07,5Y 8318,GTI,2026-09-07,10:15,ANC,Cancelled,,,2026-09-07T16:46:32+08:00
SQ 7974_2026-09-07,SQ 7974,SIA,2026-09-07,10:40,"ANC,LAX",Dep 10:46,,,2026-09-07T16:46:32+08:00
MP 9472_2026-09-07,MP 9472,MPH,2026-09-07,10:40,"GYD,AMS",Dep 10:36,,,2026-09-07T16:46:32+08:00
7L 648_2026-09-07,7L 648,AZG,2026-09-07,11:00,GYD,Dep 14:26,,,2026-09-07T16:46:32+08:00
CV 753_2026-09-07,CV 753,CLX,2026-09-07,11:35,"GYD,LUX",Dep 11:53,,,2026-09-07T16:46:32+08:00
5Y 8230_2026-09-07,5Y 8230,GTI,2026-09-07,11:50,"ANC,MIA",Dep 11:54,,,2026-09-07T16:46:32+08:00
T8 4728_2026-09-07,T8 4728,TVR,2026-09-07,12:00,DMM,Dep 11:52,,,2026-09-07T16:46:32+08:00
RH 392_2026-09-07,RH 392,HKC,2026-09-07,12:00,"DEL,BUD",Cancelled,,,2026-09-07T16:46:32+08:00
RH 9631_2026-09-07,RH 9631,HKC,2026-09-07,12:00,NMI,Dep 13:29,,,2026-09-07T16:46:32+08:00
CX 3749_2026-09-07,CX 3749,CPA,2026-09-07,12:30,BOM,Dep 12:31,,,2026-09-07T16:46:32+08:00
CV 3649_2026-09-07,CV 3649,CLX,2026-09-07,12:30,"GYD,LUX",Dep 12:21,,,2026-09-07T16:46:32+08:00
EK 9849_2026-09-07,EK 9849,UAE,2026-09-07,12:40,DXB,Dep 10:14,,,2026-09-07T16:46:32+08:00
KE 8314_2026-09-07,KE 8314,KAL,2026-09-07,12:55,ICN,Dep 12:31,,,2026-09-07T16:46:32+08:00
TK 6301_2026-09-07,TK 6301,THY,2026-09-07,13:05,"CIT,IST",Dep 12:58,,,2026-09-07T16:46:32+08:00
CV 283_2026-09-07,CV 283,CLX,2026-09-07,13:10,"ANC,GDL,NLU,LUX",Dep 14:04,,,2026-09-07T16:46:32+08:00
3S 719_2026-09-07,3S 719,BOX,2026-09-07,14:05,LEJ,Dep 15:16,,,2026-09-07T16:46:32+08:00
K4 702_2026-09-07,K4 702,CKS,2026-09-07,14:15,"GYD,TLV",Est at 20:45,,,2026-09-07T16:46:32+08:00
QR 8401_2026-09-07,QR 8401,QTR,2026-09-07,14:20,DOH,Dep 13:59,,,2026-09-07T16:46:32+08:00
KZ 206_2026-09-07,KZ 206,NCA,2026-09-07,14:40,NRT,Dep 15:57,,,2026-09-07T16:46:32+08:00
WW 862_2026-09-07,WW 862,KXP,2026-09-07,14:45,KUL,Cancelled,,,2026-09-07T16:46:32+08:00
SR 815_2026-09-07,SR 815,XKY,2026-09-07,15:15,CRK,Est at 07:30 (08/09/2026),,,2026-09-07T16:46:32+08:00
CX 2084_2026-09-07,CX 2084,CPA,2026-09-07,15:30,"ANC,LAX,PDX",Est at 02:55 (08/09/2026),,,2026-09-07T16:46:32+08:00
CP 182_2026-09-07,CP 182,LSI,2026-09-07,15:35,OTP,Dep 15:30,,,2026-09-07T16:46:32+08:00
5X 019_2026-09-07,5X 019,UPS,2026-09-07,15:40,"CGN,PHL",Dep 15:47,,,2026-09-07T16:46:32+08:00
5X 061_2026-09-07,5X 061,UPS,2026-09-07,16:05,"TPE,ANC,SDF",Dep 16:02,,,2026-09-07T16:46:32+08:00
P9 881_2026-09-07,P9 881,MGE,2026-09-07,16:10,GUM,Est at 20:00,,,2026-09-07T16:46:32+08:00
SV 3031_2026-09-07,SV 3031,SVA,2026-09-07,16:25,JED,Cancelled,,,2026-09-07T16:46:32+08:00
ET 3685_2026-09-07,ET 3685,ETH,2026-09-07,16:25,ADD,Est at 21:35,,,2026-09-07T16:46:32+08:00
KE 312_2026-09-07,KE 312,KAL,2026-09-07,16:40,ICN,Dep 16:14,,,2026-09-07T16:46:32+08:00
RH 6651_2026-09-07,RH 6651,HKC,2026-09-07,16:45,DAC,Est at 16:40,,,2026-09-07T16:46:32+08:00
3S 519_2026-09-07,3S 519,BOX,2026-09-07,17:15,LEJ,Est at 17:00,,,2026-09-07T16:46:32+08:00
CV 278_2026-09-07,CV 278,CLX,2026-09-07,17:50,"ANC,ORD,LUX",,,,2026-09-07T16:46:32+08:00
EK 9797_2026-09-07,EK 9797,UAE,2026-09-07,17:50,DWC,Est at 17:40,,,2026-09-07T16:46:32+08:00
EK 9851_2026-09-07,EK 9851,UAE,2026-09-07,18:00,DWC,Est at 17:15,,,2026-09-07T16:46:32+08:00
CX 2041_2026-09-07,CX 2041,CPA,2026-09-07,18:20,MAA,,,,2026-09-07T16:46:32+08:00
5X 059_2026-09-07,5X 059,UPS,2026-09-07,19:00,"ANC,ONT",,,,2026-09-07T16:46:32+08:00
5X 063_2026-09-07,5X 063,UPS,2026-09-07,19:05,"ANC,SDF",,,,2026-09-07T16:46:32+08:00
EK 9837_2026-09-07,EK 9837,UAE,2026-09-07,19:20,DWC,Est at 19:25,,,2026-09-07T16:46:32+08:00
2C 575_2026-09-07,2C 575,CMA,2026-09-07,19:30,"ESB,CDG",Est at 19:15,,,2026-09-07T16:46:32+08:00
TH 641_2026-09-07,TH 641,RMY,2026-09-07,19:45,KUL,Est at 18:00,,,2026-09-07T16:46:32+08:00
FX 5991_2026-09-07,FX 5991,FDX,2026-09-07,19:50,"KIX,OAK",,,,2026-09-07T16:46:32+08:00
TK 6065_2026-09-07,TK 6065,THY,2026-09-07,19:55,"CIT,IST",,,,2026-09-07T16:46:32+08:00
7L 147_2026-09-07,7L 147,AZG,2026-09-07,20:25,GYD,,,,2026-09-07T16:46:32+08:00
CX 054_2026-09-07,CX 054,CPA,2026-09-07,20:45,"CGO,PVG",,,,2026-09-07T16:46:32+08:00
HE 1710_2026-09-07,HE 1710,HGO,2026-09-07,20:45,GYD,,,,2026-09-07T16:46:32+08:00
5Y 8523_2026-09-07,5Y 8523,GTI,2026-09-07,21:00,ANC,,,,2026-09-07T16:46:32+08:00
5Y 8692_2026-09-07,5Y 8692,GTI,2026-09-07,21:05,ANC,,,,2026-09-07T16:46:32+08:00
RH 351_2026-09-07,RH 351,HKC,2026-09-07,21:20,MNL,Est at 22:00,,,2026-09-07T16:46:32+08:00
ET 3229_2026-09-07,ET 3229,ETH,2026-09-07,21:30,ADD,Cancelled,,,2026-09-07T16:46:32+08:00
CX 3262_2026-09-07,CX 3262,CPA,2026-09-07,21:35,CKG,Est at 00:45 (08/09/2026),,,2026-09-07T16:46:32+08:00
3S 536_2026-09-07,3S 536,BOX,2026-09-07,21:40,CVG,,,,2026-09-07T16:46:32+08:00
CV 7331_2026-09-07,CV 7331,CLX,2026-09-07,22:05,"NQZ,LUX",Est at 20:30 (08/09/2026),,,2026-09-07T16:46:32+08:00
QR 8431_2026-09-07,QR 8431,QTR,2026-09-07,22:05,DOH,,,,2026-09-07T16:46:32+08:00
RH 318_2026-09-07,RH 318,HKC,2026-09-07,02:20,HAN,Est at 11:30 (08/09/2026),,,2026-09-07T16:45:05+08:00
CV 7337_2026-09-07,CV 7337,CLX,2026-09-07,20:00,"LUX,GYD,CGK",Est at 18:30 (08/09/2026),,,2026-09-07T16:45:05+08:00
CX 3244_2026-09-07,CX 3244,CPA,2026-09-07,20:30,DEL,Est at 22:06 (08/09/2026),,,2026-09-07T16:45:05+08:00
RH 9488_2026-09-07,RH 9488,HKC,2026-09-07,22:10,"IST,ALA",Est at 15:40 (08/09/2026),,,2026-09-07T16:45:05+08:00
CX 3128_2026-09-07,CX 3128,CPA,2026-09-07,23:30,"SYD,MEL",Est at 00:29 (08/09/2026),,,2026-09-07T16:45:05+08:00
K4 204_2026-09-08,K4 204,CKS,2026-09-08,00:00,"CVG,NRT",Est at 23:10 (07/09/2026),,,2026-09-07T16:45:05+08:00
KZ 203_2026-09-08,KZ 203,NCA,2026-09-08,00:10,NRT,Est at 03:00,,,2026-09-07T16:45:05+08:00
LD 681_2026-09-08,LD 681,AHK,2026-09-08,00:20,TPE,,,,2026-09-07T16:45:05+08:00
LD 129_2026-09-08,LD 129,AHK,2026-09-08,00:25,ICN,,,,2026-09-07T16:45:05+08:00
D0 574_2026-09-08,D0 574,DHK,2026-09-08,00:30,"LEJ,DEL,HAN",,,,2026-09-07T16:45:05+08:00
EY 933_2026-09-08,EY 933,ETD,2026-09-08,00:35,AUH,,,,2026-09-07T16:45:05+08:00
LD 205_2026-09-08,LD 205,AHK,2026-09-08,00:40,KIX,,,,2026-09-07T16:45:05+08:00
LD 456_2026-09-08,LD 456,AHK,2026-09-08,00:45,"CEB,MNL",,,,2026-09-07T16:45:05+08:00
TH 3092_2026-09-08,TH 3092,RMY,2026-09-08,00:45,PEN,,,,2026-09-07T16:45:05+08:00
LD 217_2026-09-08,LD 217,AHK,2026-09-08,00:50,NGO,,,,2026-09-07T16:45:05+08:00
EK 9840_2026-09-08,EK 9840,UAE,2026-09-08,00:50,DWC,,,,2026-09-07T16:45:05+08:00
NH 8511_2026-09-08,NH 8511,ANA,2026-09-08,00:55,NRT,,,,2026-09-07T16:45:05+08:00
LD 209_2026-09-08,LD 209,AHK,2026-09-08,01:00,NRT,,,,2026-09-07T16:45:05+08:00
LD 769_2026-09-08,LD 769,AHK,2026-09-08,01:00,PEK,,,,2026-09-07T16:45:05+08:00
CI 5835_2026-09-08,CI 5835,CAL,2026-09-08,01:00,TPE,Est at 01:50,,,2026-09-07T16:45:05+08:00
KE 313_2026-09-08,KE 313,KAL,2026-09-08,01:10,ICN,,,,2026-09-07T16:45:05+08:00
LD 783_2026-09-08,LD 783,AHK,2026-09-08,01:15,PVG,,,,2026-09-07T16:45:05+08:00
LD 562_2026-09-08,LD 562,AHK,2026-09-08,01:20,"PEN,SGN",,,,2026-09-07T16:45:05+08:00
8K 528_2026-09-08,8K 528,KMI,2026-09-08,01:20,"BKK,HAN",,,,2026-09-07T16:45:05+08:00
BR 6535_2026-09-08,BR 6535,EVA,2026-09-08,01:20,TPE,,,,2026-09-07T16:45:05+08:00
LD 326_2026-09-08,LD 326,AHK,2026-09-08,01:25,SIN,,,,2026-09-07T16:45:05+08:00
LD 842_2026-09-08,LD 842,AHK,2026-09-08,01:30,BKK,,,,2026-09-07T16:45:05+08:00
TH 3507_2026-09-08,TH 3507,RMY,2026-09-08,01:30,KUL,,,,2026-09-07T16:45:05+08:00
KJ 971_2026-09-08,KJ 971,AIH,2026-09-08,01:40,ICN,Est at 01:30,,,2026-09-07T16:45:05+08:00
MB 6019_2026-09-08,MB 6019,MNB,2026-09-08,01:50,NVI,Est at 02:20,,,2026-09-07T16:45:05+08:00
3Y 6012_2026-09-08,3Y 6012,MYU,2026-09-08,02:00,KNO,,,,2026-09-07T16:45:05+08:00
QR 8082_2026-09-08,QR 8082,QTR,2026-09-08,02:20,DOH,,,,2026-09-07T16:45:05+08:00
RH 9632_2026-09-08,RH 9632,HKC,2026-09-08,02:20,NMI,,,,2026-09-07T16:45:05+08:00
3S 702_2026-09-08,3S 702,BOX,2026-09-08,02:30,"LEJ,TLV",,,,2026-09-07T16:45:05+08:00
LD 721_2026-09-08,LD 721,AHK,2026-09-08,02:40,CTU,,,,2026-09-07T16:45:05+08:00
3S 590_2026-09-08,3S 590,BOX,2026-09-08,02:40,"LEJ,NRT",,,,2026-09-07T16:45:05+08:00
K4 240_2026-09-08,K4 240,CKS,2026-09-08,02:45,"CVG,ICN",,,,2026-09-07T16:45:05+08:00
CX 3744_2026-09-08,CX 3744,CPA,2026-09-08,02:45,BOM,,,,2026-09-07T16:45:05+08:00
3S 544_2026-09-08,3S 544,BOX,2026-09-08,03:00,"FRA,TAS",,,,2026-09-07T16:45:05+08:00
ET 3794_2026-09-08,ET 3794,ETH,2026-09-08,03:00,"ADD,MST",Est at 02:44,,,2026-09-07T16:45:05+08:00
EK 9620_2026-09-08,EK 9620,UAE,2026-09-08,03:15,"DWC,SIN,SYD",,,,2026-09-07T16:45:05+08:00
D0 540_2026-09-08,D0 540,DHK,2026-09-08,03:25,"TLV,EMA",Cancelled,,,2026-09-07T16:45:05+08:00
CX 077_2026-09-08,CX 077,CPA,2026-09-08,03:30,"IAH,ANC",Est at 03:21,,,2026-09-07T16:45:05+08:00
RH 352_2026-09-08,RH 352,HKC,2026-09-08,03:45,MNL,Est at 04:25,,,2026-09-07T16:45:05+08:00
FX 5217_2026-09-08,FX 5217,FDX,2026-09-08,03:50,KIX,,,,2026-09-07T16:45:05+08:00
ET 3600_2026-09-08,ET 3600,ETH,2026-09-08,03:55,ADD,Cancelled,,,2026-09-07T16:45:05+08:00
CX 3485_2026-09-08,CX 3485,CPA,2026-09-08,03:55,"JFK,YYZ",Est at 06:28,,,2026-09-07T16:45:05+08:00
ES 729_2026-09-08,ES 729,DHX,2026-09-08,03:55,BAH,,,,2026-09-07T16:45:05+08:00
F5 7760_2026-09-08,F5 7760,ATG,2026-09-08,04:00,EMA,,,,2026-09-07T16:45:05+08:00
5Y 732_2026-09-08,5Y 732,GTI,2026-09-08,04:10,LAX,Est at 03:43,,,2026-09-07T16:45:05+08:00
RH 6652_2026-09-08,RH 6652,HKC,2026-09-08,04:30,"DAC,HAN",,,,2026-09-07T16:45:05+08:00
CK 263_2026-09-08,CK 263,CKK,2026-09-08,04:45,PVG,,,,2026-09-07T16:45:05+08:00
K4 256_2026-09-08,K4 256,CKS,2026-09-08,04:50,"MIA,LAX,ICN",,,,2026-09-07T16:45:05+08:00
CX 053_2026-09-08,CX 053,CPA,2026-09-08,05:10,CKG,Est at 07:22,,,2026-09-07T16:45:05+08:00
7L 624_2026-09-08,7L 624,AZG,2026-09-08,05:15,"GYD,BOM",,,,2026-09-07T16:45:05+08:00
SV 962_2026-09-08,SV 962,SVA,2026-09-08,05:25,RUH,Cancelled,,,2026-09-07T16:45:05+08:00
5Y 8049_2026-09-08,5Y 8049,GTI,2026-09-08,05:30,"MIA,ANC",Est at 10:55,,,2026-09-07T16:45:05+08:00
CI 6842_2026-09-08,CI 6842,CAL,2026-09-08,05:35,MNL,,,,2026-09-07T16:45:05+08:00
5Y 8375_2026-09-08,5Y 8375,GTI,2026-09-08,06:00,BAH,,,,2026-09-07T16:45:05+08:00
MB 300_2026-09-08,MB 300,MNB,2026-09-08,06:20,SHJ,Est at 05:50,,,2026-09-07T16:45:05+08:00
O3 151_2026-09-08,O3 151,CSS,2026-09-08,06:40,EHU,,,,2026-09-07T16:45:05+08:00
CX 014_2026-09-08,CX 014,CPA,2026-09-08,06:45,"FRA,MXP",Est at 07:21,,,2026-09-07T16:45:05+08:00
ET 3753_2026-09-08,ET 3753,ETH,2026-09-08,07:00,MAD,Cancelled,,,2026-09-07T16:45:05+08:00
CX 2040_2026-09-08,CX 2040,CPA,2026-09-08,07:00,MAA,,,,2026-09-07T16:45:05+08:00
QY 694_2026-09-08,QY 694,BCS,2026-09-08,07:00,"LEJ,BLR",,,,2026-09-07T16:45:05+08:00
CV 1081_2026-09-08,CV 1081,CLX,2026-09-08,07:30,LUX,,,,2026-09-07T16:45:05+08:00
TK 6266_2026-09-08,TK 6266,THY,2026-09-08,07:35,"IST,RUH",Est at 08:35,,,2026-09-07T16:45:05+08:00
CX 3251_2026-09-08,CX 3251,CPA,2026-09-08,07:50,PVG,,,,2026-09-07T16:45:05+08:00
CV 9521_2026-09-08,CV 9521,CLX,2026-09-08,08:00,"LUX,KUL",,,,2026-09-07T16:45:05+08:00
5X 067_2026-09-08,5X 067,UPS,2026-09-08,08:15,"SDF,ANC,SGN",,,,2026-09-07T16:45:05+08:00
QR 8406_2026-09-08,QR 8406,QTR,2026-09-08,08:30,DOH,,,,2026-09-07T16:45:05+08:00
O3 267_2026-09-08,O3 267,CSS,2026-09-08,08:45,NGB,,,,2026-09-07T16:45:05+08:00
CX 3273_2026-09-08,CX 3273,CPA,2026-09-08,08:45,"MIA,ANC",Est at 13:44,,,2026-09-07T16:45:05+08:00
CX 2097_2026-09-08,CX 2097,CPA,2026-09-08,10:10,"ORD,ANC",,,,2026-09-07T16:45:05+08:00
RH 9484_2026-09-08,RH 9484,HKC,2026-09-08,10:35,"IST,ALA",Est at 09:15,,,2026-09-07T16:45:05+08:00
EK 9838_2026-09-08,EK 9838,UAE,2026-09-08,11:15,DWC,,,,2026-09-07T16:45:05+08:00
RH 4569_2026-09-08,RH 4569,HKC,2026-09-08,11:40,TPE,Est at 06:10,,,2026-09-07T16:45:05+08:00
K4 562_2026-09-08,K4 562,CKS,2026-09-08,12:00,"ORD,ANC",,,,2026-09-07T16:45:05+08:00
KJ 967_2026-09-08,KJ 967,AIH,2026-09-08,12:05,ICN,Est at 12:00,,,2026-09-07T16:45:05+08:00
5X 167_2026-09-08,5X 167,UPS,2026-09-08,12:40,"SDF,SIN",,,,2026-09-07T16:45:05+08:00
5X 052_2026-09-08,5X 052,UPS,2026-09-08,13:10,"SDF,ANC",,,,2026-09-07T16:45:05+08:00
WW 861_2026-09-08,WW 861,KXP,2026-09-08,13:40,BKI,Est at 21:45,,,2026-09-07T16:45:05+08:00
5X 002_2026-09-08,5X 002,UPS,2026-09-08,14:15,"PHL,CGN",,,,2026-09-07T16:45:05+08:00
5X 058_2026-09-08,5X 058,UPS,2026-09-08,14:35,"ONT,HNL",,,,2026-09-07T16:45:05+08:00
CV 4971_2026-09-08,CV 4971,CLX,2026-09-08,14:45,LUX,,,,2026-09-07T16:45:05+08:00
KE 9313_2026-09-08,KE 9313,KAL,2026-09-08,14:45,ICN,,,,2026-09-07T16:45:05+08:00
CX 3259_2026-09-08,CX 3259,CPA,2026-09-08,14:50,PVG,,,,2026-09-07T16:45:05+08:00
3S 594_2026-09-08,3S 594,BOX,2026-09-08,15:00,"LEJ,NRT",Est at 14:40,,,2026-09-07T16:45:05+08:00
CT 5901_2026-09-08,CT 5901,AAE,2026-09-08,15:00,LGG,Cancelled,,,2026-09-07T16:45:05+08:00
CX 015_2026-09-08,CX 015,CPA,2026-09-08,15:05,"NRT,TPE",Est at 22:46,,,2026-09-07T16:45:05+08:00
LH 8460_2026-09-08,LH 8460,GEC,2026-09-08,15:25,FRA,,,,2026-09-07T16:45:05+08:00
EK 9798_2026-09-08,EK 9798,UAE,2026-09-08,15:30,DWC,,,,2026-09-07T16:45:05+08:00
5Y 4351_2026-09-08,5Y 4351,GTI,2026-09-08,15:40,"LGG,TBS",,,,2026-09-07T16:45:05+08:00
2C 560_2026-09-08,2C 560,CMA,2026-09-08,15:50,CDG,Est at 16:45,,,2026-09-07T16:45:05+08:00
7L 246_2026-09-08,7L 246,AZG,2026-09-08,16:00,GYD,,,,2026-09-07T16:45:05+08:00
7L 571_2026-09-08,7L 571,AZG,2026-09-08,16:05,GYD,,,,2026-09-07T16:45:05+08:00
C8 9261_2026-09-08,C8 9261,ICV,2026-09-08,16:20,MXP,,,,2026-09-07T16:45:05+08:00
EK 9846_2026-09-08,EK 9846,UAE,2026-09-08,16:25,DWC,,,,2026-09-07T16:45:05+08:00
CP 192_2026-09-08,CP 192,LSI,2026-09-08,16:30,OTP,,,,2026-09-07T16:45:05+08:00
SQ 7922_2026-09-08,SQ 7922,SIA,2026-09-08,16:40,SIN,,,,2026-09-07T16:45:05+08:00
RH 393_2026-09-08,RH 393,HKC,2026-09-08,16:40,BUD,,,,2026-09-07T16:45:05+08:00
TK 6327_2026-09-08,TK 6327,THY,2026-09-08,16:50,"IST,DWC",,,,2026-09-07T16:45:05+08:00
FX 5991_2026-09-08,FX 5991,FDX,2026-09-08,17:10,ICN,,,,2026-09-07T16:45:05+08:00
CI 5837_2026-09-08,CI 5837,CAL,2026-09-08,17:20,TPE,,,,2026-09-07T16:45:05+08:00
TK 6218_2026-09-08,TK 6218,THY,2026-09-08,17:30,"IST,DWC",,,,2026-09-07T16:45:05+08:00
SQ 7354_2026-09-08,SQ 7354,SIA,2026-09-08,17:30,SIN,,,,2026-09-07T16:45:05+08:00
MH 6104_2026-09-08,MH 6104,MAS,2026-09-08,17:50,"KUL,LBU",Est at 00:40 (09/09/2026),,,2026-09-07T16:45:05+08:00
RH 372_2026-09-08,RH 372,HKC,2026-09-08,17:55,SIN,,,,2026-09-07T16:45:05+08:00
N8 530_2026-09-08,N8 530,NCR,2026-09-08,18:00,ANC,Est at 20:25,,,2026-09-07T16:45:05+08:00
CX 3291_2026-09-08,CX 3291,CPA,2026-09-08,18:20,"ATL,ANC",Est at 19:11,,,2026-09-07T16:45:05+08:00
TH 640_2026-09-08,TH 640,RMY,2026-09-08,18:40,BKI,Est at 16:55,,,2026-09-07T16:45:05+08:00
5Y 3411_2026-09-08,5Y 3411,GTI,2026-09-08,18:45,LAX,,,,2026-09-07T16:45:05+08:00
K4 202_2026-09-08,K4 202,CKS,2026-09-08,19:40,"CVG,NRT",,,,2026-09-07T16:45:05+08:00
EK 9832_2026-09-08,EK 9832,UAE,2026-09-08,19:50,DWC,Est at 18:20,,,2026-09-07T16:45:05+08:00
7L 647_2026-09-08,7L 647,AZG,2026-09-08,19:55,GYD,,,,2026-09-07T16:45:05+08:00
CX 3295_2026-09-08,CX 3295,CPA,2026-09-08,20:05,JFK,Est at 04:26 (09/09/2026),,,2026-09-07T16:45:05+08:00
N8 528_2026-09-08,N8 528,NCR,2026-09-08,20:10,ANC,,,,2026-09-07T16:45:05+08:00
QR 8514_2026-09-08,QR 8514,QTR,2026-09-08,20:40,"DOH,MCT",,,,2026-09-07T16:45:05+08:00
ET 3708_2026-09-08,ET 3708,ETH,2026-09-08,20:55,LGG,Cancelled,,,2026-09-07T16:45:05+08:00
CX 097_2026-09-08,CX 097,CPA,2026-09-08,21:15,"NLU,GDL,ANC",Est at 00:11 (09/09/2026),,,2026-09-07T16:45:05+08:00
ET 3032_2026-09-08,ET 3032,ETH,2026-09-08,21:25,ADD,Cancelled,,,2026-09-07T16:45:05+08:00
ET 3446_2026-09-08,ET 3446,ETH,2026-09-08,21:25,ADD,Cancelled,,,2026-09-07T16:45:05+08:00
K4 221_2026-09-08,K4 221,CKS,2026-09-08,21:35,"CVG,MXP",,,,2026-09-07T16:45:05+08:00
SR 812_2026-09-08,SR 812,XKY,2026-09-08,21:45,CRK,,,,2026-09-07T16:45:05+08:00
K4 285_2026-09-08,K4 285,CKS,2026-09-08,22:55,"CVG,LEJ",Est at 23:20,,,2026-09-07T16:45:05+08:00
3G 800_2026-09-08,3G 800,WCM,2026-09-08,23:00,BKI,Cancelled,,,2026-09-07T16:45:05+08:00
QR 8440_2026-09-08,QR 8440,QTR,2026-09-08,23:00,DOH,,,,2026-09-07T16:45:05+08:00
SV 982_2026-09-08,SV 982,SVA,2026-09-08,23:10,DMM,,,,2026-09-07T16:45:05+08:00
MB 6021_2026-09-08,MB 6021,MNB,2026-09-08,23:20,SHJ,,,,2026-09-07T16:45:05+08:00
CX 2015_2026-09-08,CX 2015,CPA,2026-09-08,23:25,TPE,,,,2026-09-07T16:45:05+08:00
CX 3069_2026-09-08,CX 3069,CPA,2026-09-08,23:45,"ORD,ANC",,,,2026-09-07T16:45:05+08:00
7L 922_2026-09-09,7L 922,AZG,2026-09-09,14:50,GYD,Est at 14:30 (08/09/2026),,,2026-09-07T16:45:05+08:00
RH 317_2026-09-06,RH 317,HKC,2026-09-06,20:50,HAN,Est at 06:00 (08/09/2026),,,2026-09-07T16:41:03+08:00
CX 3245_2026-09-07,CX 3245,CPA,2026-09-07,07:20,DEL,Est at 09:10 (08/09/2026),,,2026-09-07T16:41:03+08:00
RH 9485_2026-09-07,RH 9485,HKC,2026-09-07,08:05,"ALA,IST",Est at 03:50 (08/09/2026),,,2026-09-07T16:41:03+08:00
SR 815_2026-09-07,SR 815,XKY,2026-09-07,15:15,CRK,Est at 07:30 (08/09/2026),,,2026-09-07T16:41:03+08:00
CX 2084_2026-09-07,CX 2084,CPA,2026-09-07,15:30,"ANC,LAX,PDX",Est at 02:55 (08/09/2026),,,2026-09-07T16:41:03+08:00
CX 3262_2026-09-07,CX 3262,CPA,2026-09-07,21:35,CKG,Est at 00:45 (08/09/2026),,,2026-09-07T16:41:03+08:00
CV 7331_2026-09-07,CV 7331,CLX,2026-09-07,22:05,"NQZ,LUX",Est at 20:30 (08/09/2026),,,2026-09-07T16:41:03+08:00
CX 2023_2026-09-08,CX 2023,CPA,2026-09-08,00:10,SYD,,,,2026-09-07T16:41:03+08:00
RH 9491_2026-09-08,RH 9491,HKC,2026-09-08,00:15,"ALA,IST",Delayed,,,2026-09-07T16:41:03+08:00
3G 801_2026-09-08,3G 801,WCM,2026-09-08,00:30,KUL,,,,2026-09-07T16:41:03+08:00
CX 006_2026-09-08,CX 006,CPA,2026-09-08,00:50,NRT,Est at 08:45,,,2026-09-07T16:41:03+08:00
CX 086_2026-09-08,CX 086,CPA,2026-09-08,01:30,"ANC,NLU",Est at 08:10,,,2026-09-07T16:41:03+08:00
KZ 202_2026-09-08,KZ 202,NCA,2026-09-08,02:25,NRT,Est at 05:00,,,2026-09-07T16:41:03+08:00
NH 8512_2026-09-08,NH 8512,ANA,2026-09-08,02:25,NRT,,,,2026-09-07T16:41:03+08:00
KJ 972_2026-09-08,KJ 972,AIH,2026-09-08,02:40,ICN,Est at 02:30,,,2026-09-07T16:41:03+08:00
EK 9841_2026-09-08,EK 9841,UAE,2026-09-08,02:50,DWC,,,,2026-09-07T16:41:03+08:00
CI 5836_2026-09-08,CI 5836,CAL,2026-09-08,03:00,TPE,Est at 03:50,,,2026-09-07T16:41:03+08:00
KE 314_2026-09-08,KE 314,KAL,2026-09-08,03:10,ICN,,,,2026-09-07T16:41:03+08:00
LD 204_2026-09-08,LD 204,AHK,2026-09-08,03:15,KIX,,,,2026-09-07T16:41:03+08:00
LD 128_2026-09-08,LD 128,AHK,2026-09-08,03:20,ICN,,,,2026-09-07T16:41:03+08:00
BR 6536_2026-09-08,BR 6536,EVA,2026-09-08,03:20,TPE,,,,2026-09-07T16:41:03+08:00
LD 208_2026-09-08,LD 208,AHK,2026-09-08,03:25,NRT,,,,2026-09-07T16:41:03+08:00
LD 327_2026-09-08,LD 327,AHK,2026-09-08,03:25,SIN,,,,2026-09-07T16:41:03+08:00
LD 768_2026-09-08,LD 768,AHK,2026-09-08,03:25,PEK,,,,2026-09-07T16:41:03+08:00
LD 216_2026-09-08,LD 216,AHK,2026-09-08,03:30,NGO,,,,2026-09-07T16:41:03+08:00
8K 526_2026-09-08,8K 526,KMI,2026-09-08,03:30,BKK,,,,2026-09-07T16:41:03+08:00
LD 457_2026-09-08,LD 457,AHK,2026-09-08,03:35,"MNL,CEB",,,,2026-09-07T16:41:03+08:00
LD 782_2026-09-08,LD 782,AHK,2026-09-08,03:40,PVG,,,,2026-09-07T16:41:03+08:00
LD 831_2026-09-08,LD 831,AHK,2026-09-08,03:40,BKK,,,,2026-09-07T16:41:03+08:00
LD 561_2026-09-08,LD 561,AHK,2026-09-08,03:45,SGN,,,,2026-09-07T16:41:03+08:00
TH 3508_2026-09-08,TH 3508,RMY,2026-09-08,03:45,KUL,,,,2026-09-07T16:41:03+08:00
3S 582_2026-09-08,3S 582,BOX,2026-09-08,04:00,LAX,,,,2026-09-07T16:41:03+08:00
3Y 6011_2026-09-08,3Y 6011,MYU,2026-09-08,04:00,CGK,,,,2026-09-07T16:41:03+08:00
HJ 022_2026-09-08,HJ 022,TMN,2026-09-08,04:00,SYD,,,,2026-09-07T16:41:03+08:00
LD 720_2026-09-08,LD 720,AHK,2026-09-08,04:05,CTU,,,,2026-09-07T16:41:03+08:00
TH 3091_2026-09-08,TH 3091,RMY,2026-09-08,04:15,PEN,,,,2026-09-07T16:41:03+08:00
LD 680_2026-09-08,LD 680,AHK,2026-09-08,04:20,TPE,,,,2026-09-07T16:41:03+08:00
MB 6020_2026-09-08,MB 6020,MNB,2026-09-08,04:50,SHJ,,,,2026-09-07T16:41:03+08:00
ET 3795_2026-09-08,ET 3795,ETH,2026-09-08,05:00,"MCT,LOS,SCL,ADD",,,,2026-09-07T16:41:03+08:00
QR 8467_2026-09-08,QR 8467,QTR,2026-09-08,05:05,DOH,,,,2026-09-07T16:41:03+08:00
3S 715_2026-09-08,3S 715,BOX,2026-09-08,05:35,"DXB,LEJ",,,,2026-09-07T16:41:03+08:00
3S 733_2026-09-08,3S 733,BOX,2026-09-08,05:40,"BLR,LEJ",,,,2026-09-07T16:41:03+08:00
ES 720_2026-09-08,ES 720,DHX,2026-09-08,05:40,BAH,,,,2026-09-07T16:41:03+08:00
3S 525_2026-09-08,3S 525,BOX,2026-09-08,05:45,"BAH,LEJ",,,,2026-09-07T16:41:03+08:00
EK 9821_2026-09-08,EK 9821,UAE,2026-09-08,05:45,DWC,,,,2026-09-07T16:41:03+08:00
ET 3707_2026-09-08,ET 3707,ETH,2026-09-08,05:55,"BUD,ADD",Cancelled,,,2026-09-07T16:41:03+08:00
5Y 731_2026-09-08,5Y 731,GTI,2026-09-08,06:10,"ANC,MIA",Est at 06:12,,,2026-09-07T16:41:03+08:00
FX 5217_2026-09-08,FX 5217,FDX,2026-09-08,06:20,"IST,CDG,LGG,MEM",,,,2026-09-07T16:41:03+08:00
RH 4568_2026-09-08,RH 4568,HKC,2026-09-08,06:30,TPE,Est at 01:00,,,2026-09-07T16:41:03+08:00
K4 255_2026-09-08,K4 255,CKS,2026-09-08,06:40,"YHM,CVG",,,,2026-09-07T16:41:03+08:00
D0 593_2026-09-08,D0 593,DHK,2026-09-08,06:40,"DEL,EMA",,,,2026-09-07T16:41:03+08:00
CX 3258_2026-09-08,CX 3258,CPA,2026-09-08,06:45,PVG,,,,2026-09-07T16:41:03+08:00
CX 3284_2026-09-08,CX 3284,CPA,2026-09-08,06:50,"ANC,ORD",,,,2026-09-07T16:41:03+08:00
CX 2096_2026-09-08,CX 2096,CPA,2026-09-08,06:50,"ANC,LAX",,,,2026-09-07T16:41:03+08:00
K4 241_2026-09-08,K4 241,CKS,2026-09-08,07:00,"ANC,MIA",,,,2026-09-07T16:41:03+08:00
F5 8807_2026-09-08,F5 8807,ATG,2026-09-08,07:00,"DWC,TLV",,,,2026-09-07T16:41:03+08:00
CK 264_2026-09-08,CK 264,CKK,2026-09-08,07:00,CKG,,,,2026-09-07T16:41:03+08:00
CC 3571_2026-09-08,CC 3571,ABD,2026-09-08,07:00,"CMB,JNB",,,,2026-09-07T16:41:03+08:00
3S 547_2026-09-08,3S 547,BOX,2026-09-08,07:25,"BRU,LEJ",Est at 07:55,,,2026-09-07T16:41:03+08:00
SV 963_2026-09-08,SV 963,SVA,2026-09-08,07:30,RUH,Cancelled,,,2026-09-07T16:41:03+08:00
CI 6842_2026-09-08,CI 6842,CAL,2026-09-08,07:35,TPE,,,,2026-09-07T16:41:03+08:00
5Y 8050_2026-09-08,5Y 8050,GTI,2026-09-08,07:40,"ANC,MIA",Est at 12:55,,,2026-09-07T16:41:03+08:00
O3 152_2026-09-08,O3 152,CSS,2026-09-08,07:55,EHU,Est at 08:05,,,2026-09-07T16:41:03+08:00
5Y 238_2026-09-08,5Y 238,GTI,2026-09-08,08:05,"ANC,LAX",,,,2026-09-07T16:41:03+08:00
RH 371_2026-09-08,RH 371,HKC,2026-09-08,08:05,SIN,,,,2026-09-07T16:41:03+08:00
MB 730_2026-09-08,MB 730,MNB,2026-09-08,08:20,"KGF,IST",,,,2026-09-07T16:41:03+08:00
K4 205_2026-09-08,K4 205,CKS,2026-09-08,08:25,"ANC,CVG",Est at 08:05,,,2026-09-07T16:41:03+08:00
3S 503_2026-09-08,3S 503,BOX,2026-09-08,08:30,LEJ,,,,2026-09-07T16:41:03+08:00
MB 630_2026-09-08,MB 630,MNB,2026-09-08,08:50,"KGF,IST",,,,2026-09-07T16:41:03+08:00
CC 4600_2026-09-08,CC 4600,ABD,2026-09-08,09:00,"CMB,JNB",,,,2026-09-07T16:41:03+08:00
TK 6267_2026-09-08,TK 6267,THY,2026-09-08,09:25,IST,Est at 10:35,,,2026-09-07T16:41:03+08:00
ET 3035_2026-09-08,ET 3035,ETH,2026-09-08,09:30,ADD,Cancelled,,,2026-09-07T16:41:03+08:00
NJ 9908_2026-09-08,NJ 9908,RCR,2026-09-08,09:30,"DWC,LEJ",,,,2026-09-07T16:41:03+08:00
CV 2092_2026-09-08,CV 2092,CLX,2026-09-08,09:30,"ANC,ORD,LUX",Est at 09:15,,,2026-09-07T16:41:03+08:00
QY 653_2026-09-08,QY 653,BCS,2026-09-08,09:50,"GYD,LEJ",,,,2026-09-07T16:41:03+08:00
O3 268_2026-09-08,O3 268,CSS,2026-09-08,09:55,NGB,Est at 10:00,,,2026-09-07T16:41:03+08:00
CV 519_2026-09-08,CV 519,CLX,2026-09-08,10:00,"ASB,LUX",,,,2026-09-07T16:41:03+08:00
5X 067_2026-09-08,5X 067,UPS,2026-09-08,10:15,"ICN,ANC,SDF",,,,2026-09-07T16:41:03+08:00
7L 1148_2026-09-08,7L 1148,AZG,2026-09-08,10:25,DMM,,,,2026-09-07T16:41:03+08:00
QR 8407_2026-09-08,QR 8407,QTR,2026-09-08,10:30,DOH,,,,2026-09-07T16:41:03+08:00
5Y 654_2026-09-08,5Y 654,GTI,2026-09-08,11:15,"ANC,MIA",Est at 11:00,,,2026-09-07T16:41:03+08:00
5X 003_2026-09-08,5X 003,UPS,2026-09-08,11:25,"BLR,CGN,PHL",,,,2026-09-07T16:41:03+08:00
CX 036_2026-09-08,CX 036,CPA,2026-09-08,11:55,KIX,,,,2026-09-07T16:41:03+08:00
T8 4704_2026-09-08,T8 4704,TVR,2026-09-08,12:00,DMM,Est at 11:00,,,2026-09-07T16:41:03+08:00
CX 2045_2026-09-08,CX 2045,CPA,2026-09-08,13:10,DEL,Est at 17:00,,,2026-09-07T16:41:03+08:00
CX 049_2026-09-08,CX 049,CPA,2026-09-08,13:15,DAC,Est at 21:30,,,2026-09-07T16:41:03+08:00
EK 9839_2026-09-08,EK 9839,UAE,2026-09-08,13:15,DWC,,,,2026-09-07T16:41:03+08:00
CX 3298_2026-09-08,CX 3298,CPA,2026-09-08,13:50,"ANC,JFK",,,,2026-09-07T16:41:03+08:00
KJ 968_2026-09-08,KJ 968,AIH,2026-09-08,14:05,ICN,Est at 14:00,,,2026-09-07T16:41:03+08:00
WW 862_2026-09-08,WW 862,KXP,2026-09-08,14:40,KUL,Est at 23:15,,,2026-09-07T16:41:03+08:00
K4 561_2026-09-08,K4 561,CKS,2026-09-08,15:00,"ICN,ORD",,,,2026-09-07T16:41:03+08:00
5X 001_2026-09-08,5X 001,UPS,2026-09-08,15:40,"CGN,PHL",,,,2026-09-07T16:41:03+08:00
5X 166_2026-09-08,5X 166,UPS,2026-09-08,16:00,"SIN,SDF",,,,2026-09-07T16:41:03+08:00
5X 061_2026-09-08,5X 061,UPS,2026-09-08,16:05,"TPE,ANC,SDF",,,,2026-09-07T16:41:03+08:00
P9 881_2026-09-08,P9 881,MGE,2026-09-08,16:10,GUM,Est at 20:30,,,2026-09-07T16:41:03+08:00
KE 9314_2026-09-08,KE 9314,KAL,2026-09-08,16:45,ICN,,,,2026-09-07T16:41:03+08:00
CV 237_2026-09-08,CV 237,CLX,2026-09-08,17:00,"ANC,GDL,NLU,LUX",,,,2026-09-07T16:41:03+08:00
3S 519_2026-09-08,3S 519,BOX,2026-09-08,17:10,LEJ,Est at 17:00,,,2026-09-07T16:41:03+08:00
EK 9799_2026-09-08,EK 9799,UAE,2026-09-08,17:30,DWC,,,,2026-09-07T16:41:03+08:00
RH 331_2026-09-08,RH 331,HKC,2026-09-08,18:00,BKK,,,,2026-09-07T16:41:03+08:00
CC 5752_2026-09-08,CC 5752,ABD,2026-09-08,18:00,DWC,,,,2026-09-07T16:41:03+08:00
CT 5752_2026-09-08,CT 5752,AAE,2026-09-08,18:00,DWC,Cancelled,,,2026-09-07T16:41:03+08:00
EY 934_2026-09-08,EY 934,ETD,2026-09-08,18:05,AUH,,,,2026-09-07T16:41:03+08:00
7L 247_2026-09-08,7L 247,AZG,2026-09-08,18:15,GYD,,,,2026-09-07T16:41:03+08:00
CX 2026_2026-09-08,CX 2026,CPA,2026-09-08,18:15,TPE,,,,2026-09-07T16:41:03+08:00
2C 561_2026-09-08,2C 561,CMA,2026-09-08,18:20,"ESB,CDG",Est at 19:15,,,2026-09-07T16:41:03+08:00
C8 736_2026-09-08,C8 736,ICV,2026-09-08,18:20,"ASB,MXP",,,,2026-09-07T16:41:03+08:00
LH 8461_2026-09-08,LH 8461,GEC,2026-09-08,18:25,"IST,FRA",,,,2026-09-07T16:41:03+08:00
EK 9847_2026-09-08,EK 9847,UAE,2026-09-08,18:25,DWC,,,,2026-09-07T16:41:03+08:00
7L 572_2026-09-08,7L 572,AZG,2026-09-08,18:35,GYD,,,,2026-09-07T16:41:03+08:00
5Y 4352_2026-09-08,5Y 4352,GTI,2026-09-08,18:40,"SHJ,LGG",,,,2026-09-07T16:41:03+08:00
TK 6329_2026-09-08,TK 6329,THY,2026-09-08,18:50,"CIT,IST",,,,2026-09-07T16:41:03+08:00
5X 063_2026-09-08,5X 063,UPS,2026-09-08,19:05,"ANC,SDF",,,,2026-09-07T16:41:03+08:00
SQ 7922_2026-09-08,SQ 7922,SIA,2026-09-08,19:10,"ANC,DFW",,,,2026-09-07T16:41:03+08:00
CI 5838_2026-09-08,CI 5838,CAL,2026-09-08,19:20,TPE,,,,2026-09-07T16:41:03+08:00
RH 6651_2026-09-08,RH 6651,HKC,2026-09-08,19:25,DAC,,,,2026-09-07T16:41:03+08:00
CP 166_2026-09-08,CP 166,LSI,2026-09-08,19:30,MXP,Est at 19:20,,,2026-09-07T16:41:03+08:00
TK 6241_2026-09-08,TK 6241,THY,2026-09-08,19:30,IST,,,,2026-09-07T16:41:03+08:00
TH 641_2026-09-08,TH 641,RMY,2026-09-08,19:45,KUL,Est at 18:00,,,2026-09-07T16:41:03+08:00
5X 059_2026-09-08,5X 059,UPS,2026-09-08,19:45,"ANC,ONT",,,,2026-09-07T16:41:03+08:00
FX 5991_2026-09-08,FX 5991,FDX,2026-09-08,19:50,"KIX,OAK",,,,2026-09-07T16:41:03+08:00
MH 6105_2026-09-08,MH 6105,MAS,2026-09-08,19:50,KUL,Est at 02:40 (09/09/2026),,,2026-09-07T16:41:03+08:00
SQ 7354_2026-09-08,SQ 7354,SIA,2026-09-08,20:20,"MAA,BRU",,,,2026-09-07T16:41:03+08:00
N8 529_2026-09-08,N8 529,NCR,2026-09-08,20:30,"ANC,DFW",Est at 23:25,,,2026-09-07T16:41:03+08:00
CX 2033_2026-09-08,CX 2033,CPA,2026-09-08,20:55,MAA,,,,2026-09-07T16:41:03+08:00
CX 3260_2026-09-08,CX 3260,CPA,2026-09-08,21:00,CKG,,,,2026-09-07T16:41:03+08:00
K4 220_2026-09-08,K4 220,CKS,2026-09-08,21:40,CVG,,,,2026-09-07T16:41:03+08:00
EK 9833_2026-09-08,EK 9833,UAE,2026-09-08,21:50,DWC,Est at 20:20,,,2026-09-07T16:41:03+08:00
7L 648_2026-09-08,7L 648,AZG,2026-09-08,21:55,GYD,,,,2026-09-07T16:41:03+08:00
FX 079_2026-09-08,FX 079,FDX,2026-09-08,22:00,KIX,,,,2026-09-07T16:41:03+08:00
C6 7638_2026-09-08,C6 7638,MFX,2026-09-08,22:00,TAS,,,,2026-09-07T16:41:03+08:00
CX 3238_2026-09-08,CX 3238,CPA,2026-09-08,22:20,"XMN,PVG",,,,2026-09-07T16:41:03+08:00
QR 8421_2026-09-08,QR 8421,QTR,2026-09-08,22:40,DOH,,,,2026-09-07T16:41:03+08:00
CX 050_2026-09-08,CX 050,CPA,2026-09-08,23:05,PVG,,,,2026-09-07T16:41:03+08:00
N8 531_2026-09-08,N8 531,NCR,2026-09-08,23:10,"ANC,DFW",,,,2026-09-07T16:41:03+08:00
SR 813_2026-09-08,SR 813,XKY,2026-09-08,23:15,MNL,,,,2026-09-07T16:41:03+08:00
ET 3447_2026-09-08,ET 3447,ETH,2026-09-08,23:30,ADD,Cancelled,,,2026-09-07T16:41:03+08:00
7L 923_2026-09-09,7L 923,AZG,2026-09-09,17:20,GYD,Est at 16:30 (08/09/2026),,,2026-09-07T16:41:03+08:00
MH 6104_2026-09-08,MH 6104,MAS,2026-09-08,17:50,"KUL,LBU",Est at 00:40 (09/09/2026),,,2026-09-07T16:36:33+08:00
CX 3295_2026-09-08,CX 3295,CPA,2026-09-08,20:05,JFK,Est at 04:26 (09/09/2026),,,2026-09-07T16:36:33+08:00
CX 097_2026-09-08,CX 097,CPA,2026-09-08,21:15,"NLU,GDL,ANC",Est at 00:11 (09/09/2026),,,2026-09-07T16:36:33+08:00
QR 8438_2026-09-09,QR 8438,QTR,2026-09-09,00:00,DOH,,,,2026-09-07T16:36:33+08:00
ET 3032_2026-09-09,ET 3032,ETH,2026-09-09,00:05,"ADD,MCT",Est at 01:40,,,2026-09-07T16:36:33+08:00
K4 703_2026-09-09,K4 703,CKS,2026-09-09,00:10,TLV,Est at 00:00,,,2026-09-07T16:36:33+08:00
LD 681_2026-09-09,LD 681,AHK,2026-09-09,00:20,TPE,,,,2026-09-07T16:36:33+08:00
LD 129_2026-09-09,LD 129,AHK,2026-09-09,00:25,ICN,,,,2026-09-07T16:36:33+08:00
LD 205_2026-09-09,LD 205,AHK,2026-09-09,00:40,KIX,,,,2026-09-07T16:36:33+08:00
HJ 021_2026-09-09,HJ 021,TMN,2026-09-09,00:40,SYD,,,,2026-09-07T16:36:33+08:00
LD 456_2026-09-09,LD 456,AHK,2026-09-09,00:45,"CEB,MNL",,,,2026-09-07T16:36:33+08:00
TH 3092_2026-09-09,TH 3092,RMY,2026-09-09,00:45,PEN,,,,2026-09-07T16:36:33+08:00
LD 217_2026-09-09,LD 217,AHK,2026-09-09,00:50,NGO,,,,2026-09-07T16:36:33+08:00
NH 8511_2026-09-09,NH 8511,ANA,2026-09-09,00:55,NRT,,,,2026-09-07T16:36:33+08:00
LD 209_2026-09-09,LD 209,AHK,2026-09-09,01:00,NRT,,,,2026-09-07T16:36:33+08:00
LD 769_2026-09-09,LD 769,AHK,2026-09-09,01:00,PEK,,,,2026-09-07T16:36:33+08:00
CI 5825_2026-09-09,CI 5825,CAL,2026-09-09,01:00,TPE,,,,2026-09-07T16:36:33+08:00
KE 313_2026-09-09,KE 313,KAL,2026-09-09,01:10,ICN,Est at 04:10,,,2026-09-07T16:36:33+08:00
LD 783_2026-09-09,LD 783,AHK,2026-09-09,01:15,PVG,,,,2026-09-07T16:36:33+08:00
CX 035_2026-09-09,CX 035,CPA,2026-09-09,01:15,"KIX,ICN",,,,2026-09-07T16:36:33+08:00
LD 562_2026-09-09,LD 562,AHK,2026-09-09,01:20,SGN,,,,2026-09-07T16:36:33+08:00
8K 525_2026-09-09,8K 525,KMI,2026-09-09,01:20,"BKK,HAN",,,,2026-09-07T16:36:33+08:00
BR 6537_2026-09-09,BR 6537,EVA,2026-09-09,01:20,TPE,,,,2026-09-07T16:36:33+08:00
LD 326_2026-09-09,LD 326,AHK,2026-09-09,01:25,SIN,,,,2026-09-07T16:36:33+08:00
LD 842_2026-09-09,LD 842,AHK,2026-09-09,01:30,BKK,,,,2026-09-07T16:36:33+08:00
RH 332_2026-09-09,RH 332,HKC,2026-09-09,01:30,BKK,,,,2026-09-07T16:36:33+08:00
TH 3507_2026-09-09,TH 3507,RMY,2026-09-09,01:30,KUL,,,,2026-09-07T16:36:33+08:00
KJ 973_2026-09-09,KJ 973,AIH,2026-09-09,01:40,ICN,Est at 01:30,,,2026-09-07T16:36:33+08:00
CX 048_2026-09-09,CX 048,CPA,2026-09-09,01:45,"DAC,HAN",Est at 10:01,,,2026-09-07T16:36:33+08:00
3S 748_2026-09-09,3S 748,BOX,2026-09-09,02:00,"LEJ,HAN",,,,2026-09-07T16:36:33+08:00
3Y 6012_2026-09-09,3Y 6012,MYU,2026-09-09,02:00,CGK,,,,2026-09-07T16:36:33+08:00
CX 2046_2026-09-09,CX 2046,CPA,2026-09-09,02:05,DEL,Est at 05:41,,,2026-09-07T16:36:33+08:00
EK 9734_2026-09-09,EK 9734,UAE,2026-09-09,02:10,KTM,Est at 01:30,,,2026-09-07T16:36:33+08:00
TK 6350_2026-09-09,TK 6350,THY,2026-09-09,02:20,"IST,RUH",,,,2026-09-07T16:36:33+08:00
LD 721_2026-09-09,LD 721,AHK,2026-09-09,02:40,CTU,,,,2026-09-07T16:36:33+08:00
EK 9408_2026-09-09,EK 9408,UAE,2026-09-09,03:00,"DWC,ALA",,,,2026-09-07T16:36:33+08:00
3S 720_2026-09-09,3S 720,BOX,2026-09-09,03:10,"LEJ,DEL",,,,2026-09-07T16:36:33+08:00
CX 028_2026-09-09,CX 028,CPA,2026-09-09,03:25,"SYD,MEL,BNE",,,,2026-09-07T16:36:33+08:00
3S 542_2026-09-09,3S 542,BOX,2026-09-09,03:30,"LEJ,BKK",,,,2026-09-07T16:36:33+08:00
3S 712_2026-09-09,3S 712,BOX,2026-09-09,03:40,"LEJ,DXB",,,,2026-09-07T16:36:33+08:00
QR 8410_2026-09-09,QR 8410,QTR,2026-09-09,03:45,DOH,,,,2026-09-07T16:36:33+08:00
FX 5023_2026-09-09,FX 5023,FDX,2026-09-09,03:50,KIX,,,,2026-09-07T16:36:33+08:00
CX 3261_2026-09-09,CX 3261,CPA,2026-09-09,03:50,CKG,,,,2026-09-07T16:36:33+08:00
ET 3708_2026-09-09,ET 3708,ETH,2026-09-09,03:55,"ADD,LGG",,,,2026-09-07T16:36:33+08:00
ES 727_2026-09-09,ES 727,DHX,2026-09-09,03:55,BAH,,,,2026-09-07T16:36:33+08:00
5X 004_2026-09-09,5X 004,UPS,2026-09-09,04:00,"PHL,CDG",,,,2026-09-07T16:36:33+08:00
5Y 8028_2026-09-09,5Y 8028,GTI,2026-09-09,04:10,LAX,Est at 01:45,,,2026-09-07T16:36:33+08:00
RH 9490_2026-09-09,RH 9490,HKC,2026-09-09,04:30,"IST,ALA",,,,2026-09-07T16:36:33+08:00
ET 3784_2026-09-09,ET 3784,ETH,2026-09-09,04:40,MAD,Cancelled,,,2026-09-07T16:36:33+08:00
K4 252_2026-09-09,K4 252,CKS,2026-09-09,04:50,"CVG,ICN",,,,2026-09-07T16:36:33+08:00
QR 8434_2026-09-09,QR 8434,QTR,2026-09-09,04:55,DOH,,,,2026-09-07T16:36:33+08:00
3V 534_2026-09-09,3V 534,TAY,2026-09-09,05:25,"BRU,DWC",,,,2026-09-07T16:36:33+08:00
5C 771_2026-09-09,5C 771,ICL,2026-09-09,05:40,TLV,,,,2026-09-07T16:36:33+08:00
CX 2083_2026-09-09,CX 2083,CPA,2026-09-09,06:00,"PDX,ANC",Est at 16:46,,,2026-09-07T16:36:33+08:00
3S 728_2026-09-09,3S 728,BOX,2026-09-09,06:30,"LEJ,RUH",,,,2026-09-07T16:36:33+08:00
CV 9932_2026-09-09,CV 9932,CLX,2026-09-09,07:00,LUX,,,,2026-09-07T16:36:33+08:00
RH 6652_2026-09-09,RH 6652,HKC,2026-09-09,07:00,"DAC,HAN",,,,2026-09-07T16:36:33+08:00
QY 692_2026-09-09,QY 692,BCS,2026-09-09,07:00,"LEJ,BLR",,,,2026-09-07T16:36:33+08:00
KJ 952_2026-09-09,KJ 952,AIH,2026-09-09,07:20,"ICN,HAN",,,,2026-09-07T16:36:33+08:00
QR 8402_2026-09-09,QR 8402,QTR,2026-09-09,07:35,DOH,,,,2026-09-07T16:36:33+08:00
CX 3253_2026-09-09,CX 3253,CPA,2026-09-09,08:05,PVG,,,,2026-09-07T16:36:33+08:00
5X 067_2026-09-09,5X 067,UPS,2026-09-09,08:15,SGN,,,,2026-09-07T16:36:33+08:00
RH 318_2026-09-09,RH 318,HKC,2026-09-09,08:30,HAN,,,,2026-09-07T16:36:33+08:00
RH 830_2026-09-09,RH 830,HKC,2026-09-09,08:35,PVG,,,,2026-09-07T16:36:33+08:00
CX 3239_2026-09-09,CX 3239,CPA,2026-09-09,08:35,PVG,,,,2026-09-07T16:36:33+08:00
O3 267_2026-09-09,O3 267,CSS,2026-09-09,08:45,NGB,,,,2026-09-07T16:36:33+08:00
TK 6236_2026-09-09,TK 6236,THY,2026-09-09,09:25,"IST,JED",,,,2026-09-07T16:36:33+08:00
CX 3144_2026-09-09,CX 3144,CPA,2026-09-09,09:25,MAA,,,,2026-09-07T16:36:33+08:00
3V 401_2026-09-09,3V 401,TAY,2026-09-09,09:25,"LGG,DWC",,,,2026-09-07T16:36:33+08:00
5Y 8131_2026-09-09,5Y 8131,GTI,2026-09-09,09:40,ICN,,,,2026-09-07T16:36:33+08:00
CV 4802_2026-09-09,CV 4802,CLX,2026-09-09,10:50,LUX,,,,2026-09-07T16:36:33+08:00
KJ 969_2026-09-09,KJ 969,AIH,2026-09-09,12:00,ICN,,,,2026-09-07T16:36:33+08:00
K4 270_2026-09-09,K4 270,CKS,2026-09-09,12:05,"CVG,NRT",,,,2026-09-07T16:36:33+08:00
K4 550_2026-09-09,K4 550,CKS,2026-09-09,12:15,"ORD,NRT",,,,2026-09-07T16:36:33+08:00
5X 167_2026-09-09,5X 167,UPS,2026-09-09,12:40,"SDF,SIN",,,,2026-09-07T16:36:33+08:00
EK 9780_2026-09-09,EK 9780,UAE,2026-09-09,12:45,DWC,,,,2026-09-07T16:36:33+08:00
QR 8464_2026-09-09,QR 8464,QTR,2026-09-09,12:50,DOH,,,,2026-09-07T16:36:33+08:00
5X 062_2026-09-09,5X 062,UPS,2026-09-09,12:55,"SDF,ANC",,,,2026-09-07T16:36:33+08:00
KZ 209_2026-09-09,KZ 209,NCA,2026-09-09,13:35,NRT,,,,2026-09-07T16:36:33+08:00
EY 9725_2026-09-09,EY 9725,ETD,2026-09-09,13:40,AUH,,,,2026-09-07T16:36:33+08:00
WW 861_2026-09-09,WW 861,KXP,2026-09-09,13:45,BKI,,,,2026-09-07T16:36:33+08:00
5X 002_2026-09-09,5X 002,UPS,2026-09-09,14:25,CGN,,,,2026-09-07T16:36:33+08:00
LH 8450_2026-09-09,LH 8450,GEC,2026-09-09,14:30,FRA,,,,2026-09-07T16:36:33+08:00
5X 058_2026-09-09,5X 058,UPS,2026-09-09,14:35,"ONT,HNL",,,,2026-09-07T16:36:33+08:00
CV 1632_2026-09-09,CV 1632,CLX,2026-09-09,14:45,LUX,,,,2026-09-07T16:36:33+08:00
ET 3618_2026-09-09,ET 3618,ETH,2026-09-09,14:45,ICN,Est at 17:45,,,2026-09-07T16:36:33+08:00
7L 922_2026-09-09,7L 922,AZG,2026-09-09,14:50,GYD,Est at 14:30 (08/09/2026),,,2026-09-07T16:36:33+08:00
3S 592_2026-09-09,3S 592,BOX,2026-09-09,15:00,"LEJ,NRT",,,,2026-09-07T16:36:33+08:00
CX 015_2026-09-09,CX 015,CPA,2026-09-09,15:05,"NRT,TPE",,,,2026-09-07T16:36:33+08:00
RH 332_2026-09-09,RH 332,HKC,2026-09-09,15:10,BKK,,,,2026-09-07T16:36:33+08:00
RH 4569_2026-09-09,RH 4569,HKC,2026-09-09,15:10,TPE,,,,2026-09-07T16:36:33+08:00
KE 8313_2026-09-09,KE 8313,KAL,2026-09-09,15:30,ICN,,,,2026-09-07T16:36:33+08:00
SQ 7988_2026-09-09,SQ 7988,SIA,2026-09-09,15:35,SIN,,,,2026-09-07T16:36:33+08:00
7L 624_2026-09-09,7L 624,AZG,2026-09-09,15:55,GYD,,,,2026-09-07T16:36:33+08:00
5X 064_2026-09-09,5X 064,UPS,2026-09-09,16:00,"SDF,ICN",,,,2026-09-07T16:36:33+08:00
7L 1922_2026-09-09,7L 1922,AZG,2026-09-09,16:05,GYD,,,,2026-09-07T16:36:33+08:00
SQ 7862_2026-09-09,SQ 7862,SIA,2026-09-09,16:30,SIN,,,,2026-09-07T16:36:33+08:00
TK 6238_2026-09-09,TK 6238,THY,2026-09-09,16:55,"IST,TBS",,,,2026-09-07T16:36:33+08:00
FX 5991_2026-09-09,FX 5991,FDX,2026-09-09,17:10,ICN,,,,2026-09-07T16:36:33+08:00
CI 6843_2026-09-09,CI 6843,CAL,2026-09-09,17:20,TPE,,,,2026-09-07T16:36:33+08:00
MH 6102_2026-09-09,MH 6102,MAS,2026-09-09,17:40,"KUL,KCH",,,,2026-09-07T16:36:33+08:00
RH 372_2026-09-09,RH 372,HKC,2026-09-09,17:55,SIN,,,,2026-09-07T16:36:33+08:00
AK 8545_2026-09-09,AK 8545,AXM,2026-09-09,18:15,BKI,,,,2026-09-07T16:36:33+08:00
CX 2074_2026-09-09,CX 2074,CPA,2026-09-09,18:35,SIN,,,,2026-09-07T16:36:33+08:00
TH 640_2026-09-09,TH 640,RMY,2026-09-09,18:40,BKI,,,,2026-09-07T16:36:33+08:00
CI 5833_2026-09-09,CI 5833,CAL,2026-09-09,19:20,TPE,,,,2026-09-07T16:36:33+08:00
5X 060_2026-09-09,5X 060,UPS,2026-09-09,19:35,"SDF,ANC",,,,2026-09-07T16:36:33+08:00
D0 705_2026-09-09,D0 705,DHK,2026-09-09,19:40,"EMA,BAH",,,,2026-09-07T16:36:33+08:00
QF 7525_2026-09-09,QF 7525,QFA,2026-09-09,19:55,SYD,,,,2026-09-07T16:36:33+08:00
CX 2099_2026-09-09,CX 2099,CPA,2026-09-09,20:05,"LAX,ANC",,,,2026-09-07T16:36:33+08:00
CV 7332_2026-09-09,CV 7332,CLX,2026-09-09,20:20,"LUX,BKK",,,,2026-09-07T16:36:33+08:00
CX 3185_2026-09-09,CX 3185,CPA,2026-09-09,20:45,"ORD,ANC",,,,2026-09-07T16:36:33+08:00
K4 254_2026-09-09,K4 254,CKS,2026-09-09,21:15,"CVG,NGO",,,,2026-09-07T16:36:33+08:00
D0 528_2026-09-09,D0 528,DHK,2026-09-09,21:35,"EMA,MXP",,,,2026-09-07T16:36:33+08:00
EK 9314_2026-09-09,EK 9314,UAE,2026-09-09,21:40,MEL,,,,2026-09-07T16:36:33+08:00
MB 6031_2026-09-09,MB 6031,MNB,2026-09-09,22:30,"IST,SHJ",,,,2026-09-07T16:36:33+08:00
TK 6264_2026-09-09,TK 6264,THY,2026-09-09,22:35,"IST,AMM",,,,2026-09-07T16:36:33+08:00
CX 3036_2026-09-09,CX 3036,CPA,2026-09-09,22:35,HAN,,,,2026-09-07T16:36:33+08:00
3G 800_2026-09-09,3G 800,WCM,2026-09-09,22:55,BKI,,,,2026-09-07T16:36:33+08:00
3S 502_2026-09-09,3S 502,BOX,2026-09-09,23:15,LEJ,,,,2026-09-07T16:36:33+08:00
2U 8642_2026-09-09,2U 8642,FKH,2026-09-09,23:40,DEL,,,,2026-09-07T16:36:33+08:00
CP 351_2026-09-09,CP 351,LSI,2026-09-09,23:55,DWC,,,,2026-09-07T16:36:33+08:00
MH 6105_2026-09-08,MH 6105,MAS,2026-09-08,19:50,KUL,Est at 02:40 (09/09/2026),,,2026-09-07T16:35:04+08:00
ET 3785_2026-09-09,ET 3785,ETH,2026-09-09,00:00,"MCT,MAD",Cancelled,,,2026-09-07T16:35:04+08:00
ET 3791_2026-09-09,ET 3791,ETH,2026-09-09,00:00,LGG,Cancelled,,,2026-09-07T16:35:04+08:00
RH 829_2026-09-09,RH 829,HKC,2026-09-09,00:15,PVG,,,,2026-09-07T16:35:04+08:00
3G 801_2026-09-09,3G 801,WCM,2026-09-09,00:30,KUL,Cancelled,,,2026-09-07T16:35:04+08:00
CX 006_2026-09-09,CX 006,CPA,2026-09-09,00:50,NRT,,,,2026-09-07T16:35:04+08:00
QR 8441_2026-09-09,QR 8441,QTR,2026-09-09,01:00,DOH,,,,2026-09-07T16:35:04+08:00
SV 983_2026-09-09,SV 983,SVA,2026-09-09,01:15,RUH,Est at 03:20,,,2026-09-07T16:35:04+08:00
KZ 202_2026-09-09,KZ 202,NCA,2026-09-09,01:25,NRT,,,,2026-09-07T16:35:04+08:00
CX 096_2026-09-09,CX 096,CPA,2026-09-09,01:30,"ANC,NLU",,,,2026-09-07T16:35:04+08:00
QR 8439_2026-09-09,QR 8439,QTR,2026-09-09,02:00,DOH,,,,2026-09-07T16:35:04+08:00
NH 8512_2026-09-09,NH 8512,ANA,2026-09-09,02:25,NRT,,,,2026-09-07T16:35:04+08:00
ET 3769_2026-09-09,ET 3769,ETH,2026-09-09,02:35,"EMA,ADD",Est at 04:10,,,2026-09-07T16:35:04+08:00
KJ 974_2026-09-09,KJ 974,AIH,2026-09-09,02:40,ICN,Est at 02:30,,,2026-09-07T16:35:04+08:00
5Y 3413_2026-09-09,5Y 3413,GTI,2026-09-09,02:50,"DWC,TLV",,,,2026-09-07T16:35:04+08:00
RH 317_2026-09-09,RH 317,HKC,2026-09-09,03:00,HAN,,,,2026-09-07T16:35:04+08:00
CI 5826_2026-09-09,CI 5826,CAL,2026-09-09,03:00,TPE,,,,2026-09-07T16:35:04+08:00
KE 314_2026-09-09,KE 314,KAL,2026-09-09,03:10,ICN,Est at 06:10,,,2026-09-07T16:35:04+08:00
LD 204_2026-09-09,LD 204,AHK,2026-09-09,03:15,KIX,,,,2026-09-07T16:35:04+08:00
LD 128_2026-09-09,LD 128,AHK,2026-09-09,03:20,ICN,,,,2026-09-07T16:35:04+08:00
BR 6538_2026-09-09,BR 6538,EVA,2026-09-09,03:20,TPE,,,,2026-09-07T16:35:04+08:00
LD 208_2026-09-09,LD 208,AHK,2026-09-09,03:25,NRT,,,,2026-09-07T16:35:04+08:00
LD 327_2026-09-09,LD 327,AHK,2026-09-09,03:25,SIN,,,,2026-09-07T16:35:04+08:00
LD 768_2026-09-09,LD 768,AHK,2026-09-09,03:25,PEK,,,,2026-09-07T16:35:04+08:00
LD 216_2026-09-09,LD 216,AHK,2026-09-09,03:30,NGO,,,,2026-09-07T16:35:04+08:00
8K 526_2026-09-09,8K 526,KMI,2026-09-09,03:30,BKK,,,,2026-09-07T16:35:04+08:00
LD 457_2026-09-09,LD 457,AHK,2026-09-09,03:35,"MNL,CEB",,,,2026-09-07T16:35:04+08:00
LD 782_2026-09-09,LD 782,AHK,2026-09-09,03:40,PVG,,,,2026-09-07T16:35:04+08:00
LD 831_2026-09-09,LD 831,AHK,2026-09-09,03:40,BKK,,,,2026-09-07T16:35:04+08:00
LD 561_2026-09-09,LD 561,AHK,2026-09-09,03:45,SGN,,,,2026-09-07T16:35:04+08:00
TH 3508_2026-09-09,TH 3508,RMY,2026-09-09,03:45,KUL,,,,2026-09-07T16:35:04+08:00
3S 748_2026-09-09,3S 748,BOX,2026-09-09,04:00,LAX,,,,2026-09-07T16:35:04+08:00
3Y 6011_2026-09-09,3Y 6011,MYU,2026-09-09,04:00,CGK,,,,2026-09-07T16:35:04+08:00
HJ 022_2026-09-09,HJ 022,TMN,2026-09-09,04:00,SYD,,,,2026-09-07T16:35:04+08:00
LD 720_2026-09-09,LD 720,AHK,2026-09-09,04:05,CTU,,,,2026-09-07T16:35:04+08:00
TH 3091_2026-09-09,TH 3091,RMY,2026-09-09,04:15,PEN,,,,2026-09-07T16:35:04+08:00
EK 9861_2026-09-09,EK 9861,UAE,2026-09-09,04:15,DWC,Est at 03:35,,,2026-09-07T16:35:04+08:00
LD 680_2026-09-09,LD 680,AHK,2026-09-09,04:20,TPE,,,,2026-09-07T16:35:04+08:00
TK 6351_2026-09-09,TK 6351,THY,2026-09-09,04:20,IST,,,,2026-09-07T16:35:04+08:00
CX 2090_2026-09-09,CX 2090,CPA,2026-09-09,04:25,"ANC,LAX,DFW",,,,2026-09-07T16:35:04+08:00
K4 280_2026-09-09,K4 280,CKS,2026-09-09,04:30,"ANC,CVG",Est at 04:55,,,2026-09-07T16:35:04+08:00
MB 6030_2026-09-09,MB 6030,MNB,2026-09-09,04:50,SHJ,,,,2026-09-07T16:35:04+08:00
EK 9831_2026-09-09,EK 9831,UAE,2026-09-09,05:00,DWC,,,,2026-09-07T16:35:04+08:00
K4 704_2026-09-09,K4 704,CKS,2026-09-09,05:15,"GYD,TLV",,,,2026-09-07T16:35:04+08:00
3S 713_2026-09-09,3S 713,BOX,2026-09-09,05:35,"DXB,LEJ",,,,2026-09-07T16:35:04+08:00
3S 735_2026-09-09,3S 735,BOX,2026-09-09,05:40,"BLR,LEJ",,,,2026-09-07T16:35:04+08:00
ES 728_2026-09-09,ES 728,DHX,2026-09-09,05:40,BAH,,,,2026-09-07T16:35:04+08:00
3S 523_2026-09-09,3S 523,BOX,2026-09-09,05:45,"BAH,LEJ",,,,2026-09-07T16:35:04+08:00
QR 8411_2026-09-09,QR 8411,QTR,2026-09-09,05:45,DOH,,,,2026-09-07T16:35:04+08:00
ET 3229_2026-09-09,ET 3229,ETH,2026-09-09,05:55,ADD,,,,2026-09-07T16:35:04+08:00
FX 5023_2026-09-09,FX 5023,FDX,2026-09-09,06:00,"IST,MEM",,,,2026-09-07T16:35:04+08:00
K4 253_2026-09-09,K4 253,CKS,2026-09-09,06:40,"YHM,CVG",,,,2026-09-07T16:35:04+08:00
D0 591_2026-09-09,D0 591,DHK,2026-09-09,06:40,"DEL,EMA",,,,2026-09-07T16:35:04+08:00
CX 3288_2026-09-09,CX 3288,CPA,2026-09-09,06:50,"ANC,NLU,GDL",,,,2026-09-07T16:35:04+08:00
K4 243_2026-09-09,K4 243,CKS,2026-09-09,07:00,"ANC,CVG",,,,2026-09-07T16:35:04+08:00
RH 331_2026-09-09,RH 331,HKC,2026-09-09,07:00,BKK,,,,2026-09-07T16:35:04+08:00
CT 131_2026-09-09,CT 131,AAE,2026-09-09,07:05,DWC,,,,2026-09-07T16:35:04+08:00
ET 3767_2026-09-09,ET 3767,ETH,2026-09-09,07:10,LGG,Cancelled,,,2026-09-07T16:35:04+08:00
K4 591_2026-09-09,K4 591,CKS,2026-09-09,07:15,"ICN,ANC",,,,2026-09-07T16:35:04+08:00
QR 8435_2026-09-09,QR 8435,QTR,2026-09-09,07:15,DOH,,,,2026-09-07T16:35:04+08:00
3V 533_2026-09-09,3V 533,TAY,2026-09-09,07:30,"DWC,BRU",,,,2026-09-07T16:35:04+08:00
5Y 8052_2026-09-09,5Y 8052,GTI,2026-09-09,07:40,ANC,,,,2026-09-07T16:35:04+08:00
Y9 2566_2026-09-09,Y9 2566,SGA,2026-09-09,07:50,"DAC,DWC",Est at 07:50,,,2026-09-07T16:35:04+08:00
CV 515_2026-09-09,CV 515,CLX,2026-09-09,08:00,"GYD,LUX",,,,2026-09-07T16:35:04+08:00
RH 371_2026-09-09,RH 371,HKC,2026-09-09,08:05,SIN,,,,2026-09-07T16:35:04+08:00
CX 2075_2026-09-09,CX 2075,CPA,2026-09-09,08:15,SIN,,,,2026-09-07T16:35:04+08:00
3S 515_2026-09-09,3S 515,BOX,2026-09-09,08:30,LEJ,,,,2026-09-07T16:35:04+08:00
5C 770_2026-09-09,5C 770,ICL,2026-09-09,08:40,"DWC,TLV",,,,2026-09-07T16:35:04+08:00
5Y 8030_2026-09-09,5Y 8030,GTI,2026-09-09,08:50,"ANC,MIA",,,,2026-09-07T16:35:04+08:00
HQ 4111_2026-09-09,HQ 4111,ADZ,2026-09-09,09:00,DWC,,,,2026-09-07T16:35:04+08:00
KJ 952_2026-09-09,KJ 952,AIH,2026-09-09,09:20,ICN,,,,2026-09-07T16:35:04+08:00
QR 8403_2026-09-09,QR 8403,QTR,2026-09-09,09:35,DOH,,,,2026-09-07T16:35:04+08:00
QY 657_2026-09-09,QY 657,BCS,2026-09-09,09:50,"GYD,LEJ",,,,2026-09-07T16:35:04+08:00
O3 268_2026-09-09,O3 268,CSS,2026-09-09,09:55,NGB,,,,2026-09-07T16:35:04+08:00
RH 4568_2026-09-09,RH 4568,HKC,2026-09-09,10:00,TPE,,,,2026-09-07T16:35:04+08:00
5X 067_2026-09-09,5X 067,UPS,2026-09-09,10:15,"ANC,SDF",,,,2026-09-07T16:35:04+08:00
CX 3174_2026-09-09,CX 3174,CPA,2026-09-09,10:25,"ANC,MIA,ATL",,,,2026-09-07T16:35:04+08:00
CX 3241_2026-09-09,CX 3241,CPA,2026-09-09,10:45,CGK,,,,2026-09-07T16:35:04+08:00
RH 9487_2026-09-09,RH 9487,HKC,2026-09-09,11:00,"ALA,IST",,,,2026-09-07T16:35:04+08:00
TK 6237_2026-09-09,TK 6237,THY,2026-09-09,11:25,IST,,,,2026-09-07T16:35:04+08:00
5X 003_2026-09-09,5X 003,UPS,2026-09-09,11:25,"BLR,PHL",,,,2026-09-07T16:35:04+08:00
T8 4728_2026-09-09,T8 4728,TVR,2026-09-09,12:00,DMM,,,,2026-09-07T16:35:04+08:00
CX 3745_2026-09-09,CX 3745,CPA,2026-09-09,12:00,BOM,,,,2026-09-07T16:35:04+08:00
3V 400_2026-09-09,3V 400,TAY,2026-09-09,12:25,"DWC,LGG",,,,2026-09-07T16:35:04+08:00
5Y 8131_2026-09-09,5Y 8131,GTI,2026-09-09,12:40,DEL,,,,2026-09-07T16:35:04+08:00
CV 261_2026-09-09,CV 261,CLX,2026-09-09,13:00,"ANC,JFK",,,,2026-09-07T16:35:04+08:00
CX 3294_2026-09-09,CX 3294,CPA,2026-09-09,13:30,"ANC,JFK",,,,2026-09-07T16:35:04+08:00
KJ 970_2026-09-09,KJ 970,AIH,2026-09-09,14:00,ICN,,,,2026-09-07T16:35:04+08:00
K4 551_2026-09-09,K4 551,CKS,2026-09-09,14:15,"NRT,ORD",,,,2026-09-07T16:35:04+08:00
CX 2086_2026-09-09,CX 2086,CPA,2026-09-09,14:25,"ANC,MIA",Cancelled,,,2026-09-07T16:35:04+08:00
WW 862_2026-09-09,WW 862,KXP,2026-09-09,14:45,KUL,,,,2026-09-07T16:35:04+08:00
EK 9781_2026-09-09,EK 9781,UAE,2026-09-09,14:45,DWC,,,,2026-09-07T16:35:04+08:00
QR 8465_2026-09-09,QR 8465,QTR,2026-09-09,14:50,DOH,,,,2026-09-07T16:35:04+08:00
KZ 206_2026-09-09,KZ 206,NCA,2026-09-09,15:30,NRT,,,,2026-09-07T16:35:04+08:00
5X 001_2026-09-09,5X 001,UPS,2026-09-09,15:40,CGN,,,,2026-09-07T16:35:04+08:00
EY 9726_2026-09-09,EY 9726,ETD,2026-09-09,15:50,AUH,,,,2026-09-07T16:35:04+08:00
5X 166_2026-09-09,5X 166,UPS,2026-09-09,16:00,"SIN,SDF",,,,2026-09-07T16:35:04+08:00
5X 061_2026-09-09,5X 061,UPS,2026-09-09,16:05,"TPE,SDF",,,,2026-09-07T16:35:04+08:00
P9 881_2026-09-09,P9 881,MGE,2026-09-09,16:10,GUM,,,,2026-09-07T16:35:04+08:00
ET 3629_2026-09-09,ET 3629,ETH,2026-09-09,16:15,ADD,Est at 19:15,,,2026-09-07T16:35:04+08:00
CX 3037_2026-09-09,CX 3037,CPA,2026-09-09,16:15,HAN,,,,2026-09-07T16:35:04+08:00
K4 270_2026-09-09,K4 270,CKS,2026-09-09,16:30,"GYD,LGG",,,,2026-09-07T16:35:04+08:00
3S 519_2026-09-09,3S 519,BOX,2026-09-09,17:00,LEJ,,,,2026-09-07T16:35:04+08:00
CX 041_2026-09-09,CX 041,CPA,2026-09-09,17:05,DEL,,,,2026-09-07T16:35:04+08:00
RH 9375_2026-09-09,RH 9375,HKC,2026-09-09,17:10,MAA,,,,2026-09-07T16:35:04+08:00
7L 923_2026-09-09,7L 923,AZG,2026-09-09,17:20,GYD,Est at 16:30 (08/09/2026),,,2026-09-07T16:35:04+08:00
KE 8314_2026-09-09,KE 8314,KAL,2026-09-09,17:30,ICN,,,,2026-09-07T16:35:04+08:00
SQ 7988_2026-09-09,SQ 7988,SIA,2026-09-09,17:35,"ANC,LAX",,,,2026-09-07T16:35:04+08:00
RH 9457_2026-09-09,RH 9457,HKC,2026-09-09,18:20,DEL,,,,2026-09-07T16:35:04+08:00
7L 1923_2026-09-09,7L 1923,AZG,2026-09-09,18:20,GYD,,,,2026-09-07T16:35:04+08:00
LH 8461_2026-09-09,LH 8461,GEC,2026-09-09,18:25,"IST,FRA",,,,2026-09-07T16:35:04+08:00
7L 624_2026-09-09,7L 624,AZG,2026-09-09,18:25,GYD,,,,2026-09-07T16:35:04+08:00
5Y 825_2026-09-09,5Y 825,GTI,2026-09-09,18:35,"ANC,MIA",Est at 19:00,,,2026-09-07T16:35:04+08:00
CX 3349_2026-09-09,CX 3349,CPA,2026-09-09,18:40,BKK,,,,2026-09-07T16:35:04+08:00
CV 245_2026-09-09,CV 245,CLX,2026-09-09,18:50,"ANC,NLU",,,,2026-09-07T16:35:04+08:00
RH 317_2026-09-09,RH 317,HKC,2026-09-09,19:00,HAN,,,,2026-09-07T16:35:04+08:00
5X 063_2026-09-09,5X 063,UPS,2026-09-09,19:05,"ANC,SDF",,,,2026-09-07T16:35:04+08:00
CI 6844_2026-09-09,CI 6844,CAL,2026-09-09,19:20,TPE,,,,2026-09-07T16:35:04+08:00
TK 6239_2026-09-09,TK 6239,THY,2026-09-09,19:25,"CIT,IST",,,,2026-09-07T16:35:04+08:00
SQ 7861_2026-09-09,SQ 7861,SIA,2026-09-09,19:30,SIN,,,,2026-09-07T16:35:04+08:00
MH 6103_2026-09-09,MH 6103,MAS,2026-09-09,19:40,KUL,,,,2026-09-07T16:35:04+08:00
AK 8546_2026-09-09,AK 8546,AXM,2026-09-09,19:45,KUL,,,,2026-09-07T16:35:04+08:00
TH 641_2026-09-09,TH 641,RMY,2026-09-09,19:45,KUL,,,,2026-09-07T16:35:04+08:00
FX 5991_2026-09-09,FX 5991,FDX,2026-09-09,19:50,"KIX,OAK",,,,2026-09-07T16:35:04+08:00
5X 059_2026-09-09,5X 059,UPS,2026-09-09,19:50,"ANC,ONT",,,,2026-09-07T16:35:04+08:00
CX 017_2026-09-09,CX 017,CPA,2026-09-09,20:00,MAA,,,,2026-09-07T16:35:04+08:00
CX 090_2026-09-09,CX 090,CPA,2026-09-09,20:50,"ANC,ORD",,,,2026-09-07T16:35:04+08:00
5X 053_2026-09-09,5X 053,UPS,2026-09-09,21:15,"ANC,SDF",,,,2026-09-07T16:35:04+08:00
CI 5834_2026-09-09,CI 5834,CAL,2026-09-09,21:20,TPE,,,,2026-09-07T16:35:04+08:00
RH 351_2026-09-09,RH 351,HKC,2026-09-09,21:20,MNL,,,,2026-09-07T16:35:04+08:00
D0 007_2026-09-09,D0 007,DHK,2026-09-09,21:40,"CVG,EMA",,,,2026-09-07T16:35:04+08:00
C6 7632_2026-09-09,C6 7632,MFX,2026-09-09,22:00,DEL,,,,2026-09-07T16:35:04+08:00
CV 531_2026-09-09,CV 531,CLX,2026-09-09,22:30,"ASB,LUX",,,,2026-09-07T16:35:04+08:00
CX 037_2026-09-09,CX 037,CPA,2026-09-09,23:20,"DEL,AMS",,,,2026-09-07T16:35:04+08:00
QR 8479_2026-09-09,QR 8479,QTR,2026-09-09,23:35,DOH,,,,2026-09-07T16:35:04+08:00
EK 9859_2026-09-09,EK 9859,UAE,2026-09-09,23:45,DWC,,,,2026-09-07T16:35:04+08:00
QF 7526_2026-09-09,QF 7526,QFA,2026-09-09,23:55,SYD,,,,2026-09-07T16:35:04+08:00
CX 050_2026-09-09,CX 050,CPA,2026-09-09,23:55,PVG,,,,2026-09-07T16:35:04+08:00
CX 2062_2026-09-09,CX 2062,CPA,2026-09-09,23:55,CTU,,,,2026-09-07T16:35:04+08:00
